,AT0000A18XM4 SW,BE0974268972 BB,US0527691069 US,DE0007164600 GR,US6092071058 US
2014-01-14,0.184659655598,0.275706352908,0.303424689127,0.0428412771861,0.193368025181
2014-01-15,0.225875371745,0.147861468074,0.151211449277,0.224074184008,0.250977526896
2014-01-16,0.261016798775,0.334212680394,0.293336067157,0.0157443423873,0.0956901112865
2014-01-17,0.160168059984,0.231034451399,0.0926736430269,0.26905027667,0.24707356892
2014-01-18,0.0571617705864,0.254146041819,0.0272860255905,0.480659941728,0.180746220276
2014-01-21,0.329394061114,0.304919516057,0.144074029881,0.0929005092043,0.128711883744
2014-01-22,0.192418522585,0.158637542186,0.289508727821,0.0899892156547,0.269445991754
2014-01-23,0.206539427391,0.0658895438469,0.24973510307,0.183086400746,0.294749524947
2014-01-24,0.339161585538,0.00850924786773,0.254359106705,0.277157084306,0.120812975584
2014-01-25,0.323027655476,0.333669950356,0.223152154096,0.0211235241671,0.0990267159046
2014-01-28,0.265448731994,0.14645190497,0.116817613065,0.322198896325,0.149082853646
2014-01-29,0.257407883922,0.123905593806,0.167109360829,0.0155279383609,0.436049223081
2014-01-30,0.301296115375,0.22843863138,0.153113232871,0.13217497738,0.184977042994
2014-01-31,0.200400780626,0.132066991348,0.313588962987,0.0395074709524,0.314435794087
2014-02-01,0.240123550571,0.283794262881,0.104456441144,0.211652579094,0.159973166311
2014-02-04,0.188509026759,0.0112193647415,0.280615267224,0.11758100425,0.402075337025
2014-02-05,0.208653950782,0.227625836194,0.192784847881,0.158525344141,0.212410021002
2014-02-06,0.205720768852,0.0527355892245,0.137994058091,0.343435449772,0.26011413406
2014-02-07,0.0650861925576,0.301827618988,0.310149256363,0.240457530886,0.0824794012054
2014-02-08,0.02911261458,0.340262201376,0.204827057193,0.00399176836912,0.421806358482
2014-02-11,0.247982546955,0.444203624768,0.243792408542,0.0486520159307,0.015369403805
2014-02-12,0.0158506775596,0.309983159766,0.135620956391,0.327432553038,0.211112653246
2014-02-13,0.448069812302,0.241961246235,0.00399203748699,0.0349373585213,0.271039545455
2014-02-14,0.231039835346,0.133392587418,0.20913033783,0.396448904246,0.0299883351596
2014-02-15,0.235028535695,0.20711495485,0.135333336154,0.243445233279,0.179077940022
2014-02-18,0.189802521469,0.243553170144,0.243475295155,0.0452144113727,0.27795460186
2014-02-19,0.0944926464144,0.358314747345,0.359783677894,0.0696869567958,0.117721971551
2014-02-20,0.14119199043,0.197458878338,0.171255832409,0.18417998724,0.305913311584
2014-02-21,0.190618830665,0.0286339030463,0.331367033969,0.220731806814,0.228648425505
2014-02-22,0.248211171189,0.221555799956,0.140843923767,0.30565858147,0.0837305236171
2014-02-25,0.117817941134,0.252250198293,0.00298717700358,0.313676652073,0.313268031497
2014-02-26,0.224622801632,0.266772365558,0.0736413498857,0.18242208191,0.252541401015
2014-02-27,0.258338754166,0.277547186032,0.112706944791,0.234653964992,0.116753150018
2014-02-28,0.441111430551,0.246760695457,0.00950799911983,0.0598719574017,0.242747917471
2014-03-01,0.368173473433,0.340817697404,0.201720097673,0.0773299301758,0.0119588013144
2014-03-04,0.295339019285,0.0992567246094,0.461356233319,0.065185174059,0.0788628487269
2014-03-05,0.0551923146854,0.178044666783,0.270527012417,0.128127362839,0.368108643276
2014-03-06,0.171128073534,0.182936164695,0.332452921016,0.0768948041932,0.236588036561
2014-03-07,0.122368055604,0.300809021321,0.352075032585,0.119287243141,0.105460647349
2014-03-08,0.153355503142,0.217190529115,0.16815185776,0.152158105807,0.309144004177
2014-03-11,0.352992577457,0.315911142514,0.0801465643997,0.16271220713,0.0882375085
2014-03-12,0.15070778066,0.365533651808,0.0736247560153,0.166310257555,0.243823553961
2014-03-13,0.0562382121567,0.116905969024,0.0626736963202,0.503872776242,0.260309346257
2014-03-14,0.341516654946,0.171928881274,0.0897121503476,0.0970284399304,0.299813873502
2014-03-15,0.215059503936,0.291893361044,0.0397988546938,0.131703674957,0.321544605369
2014-03-18,0.169444540477,0.257434853832,0.203158837762,0.326258974112,0.0437027938179
2014-03-19,0.0464484803088,0.157654301907,0.19639002413,0.254273990718,0.345233202936
2014-03-20,0.154662692035,0.272328716553,0.245460144463,0.293670478764,0.033877968185
2014-03-21,0.165525280764,0.23446207608,0.153612033717,0.103895371565,0.342505237874
2014-03-22,0.186783364376,0.266895694387,0.143607562903,0.358414838329,0.0442985400043
2014-03-25,0.126099817161,0.255884932651,0.327081877085,0.0327195620899,0.258213811013
2014-03-26,0.203874969631,0.276909400237,0.162601038185,0.291552756478,0.065061835469
2014-03-27,0.0305174663213,0.388573883321,0.351344766941,0.0887092643238,0.140854619093
2014-03-28,0.144433767147,0.336817911337,0.0800428826516,0.295638706997,0.143066731868
2014-03-29,0.228044610224,0.264830982904,0.267764956333,0.0147309613275,0.224628489212
2014-04-01,0.0542008573673,0.0574716470306,0.258928954929,0.310419016706,0.318979523967
2014-04-02,0.289205051461,0.348080442977,0.15249626171,0.0426072302905,0.167611013562
2014-04-03,0.388861992403,0.0894952150447,0.153623337442,0.111826148827,0.256193306282
2014-04-04,0.131886088582,0.0874403561776,0.446895965898,0.249049929367,0.0847276599749
2014-04-05,0.267593663831,0.0879426370552,0.136344230899,0.447639084716,0.0604803834986
2014-04-08,0.249724152342,0.154424265615,0.131782814131,0.0522389656545,0.411829802258
2014-04-09,0.338565142595,0.0943868373278,0.181551206419,0.0117341418117,0.373762671847
2014-04-10,0.0632940939573,0.326711200963,0.209309288379,0.321453569654,0.0792318470467
2014-04-11,0.00315971156336,0.147071116897,0.374212200878,0.185317958263,0.290239012399
2014-04-12,0.194192076178,0.326361525513,0.241682560026,0.15407569519,0.0836881430928
2014-04-15,0.157034667502,0.0368430861605,0.287466286647,0.248370751143,0.270285208548
2014-04-16,0.43181083867,0.00493473843681,0.0294813187135,0.103381018047,0.430392086133
2014-04-17,0.189376125863,0.218509045299,0.221333905614,0.229888187538,0.140892735686
2014-04-18,0.368861341013,0.0836337258772,0.123831949739,0.418952877126,0.00472010624499
2014-04-19,0.092587116598,0.01082051775,0.252826461025,0.256963247067,0.38680265756
2014-04-22,0.134144279354,0.122801645227,0.255765703209,0.335637036599,0.151651335611
2014-04-23,0.262388313414,0.171448097893,0.247947633479,0.0345224612521,0.283693493962
2014-04-24,0.200940953425,0.118012490991,0.375727920297,0.0662708413756,0.239047793912
2014-04-25,0.152459613676,0.101125748524,0.262230154392,0.239953882875,0.244230600533
2014-04-26,0.138124935704,0.242656810373,0.216619074191,0.0170989609857,0.385500218747
2014-04-29,0.0814341779659,0.224642373769,0.229670754401,0.230611258553,0.233641435312
2014-04-30,0.0520353810441,0.0185531479187,0.372406951485,0.336793387471,0.220211132082
2014-05-01,0.387737790087,0.199163779141,0.204528778663,0.0395496558199,0.16901999629
2014-05-02,0.225633957674,0.204970054911,0.427584074396,0.0170117110958,0.124800201924
2014-05-03,0.251586417524,0.0399009249238,0.199452468907,0.193164391412,0.315895797233
2014-05-06,0.194055604292,0.304739997344,0.192035948135,0.0386737701353,0.270494680093
2014-05-07,0.246697548754,0.22593261508,0.165592979173,0.301552716322,0.0602241406709
2014-05-08,0.201185725086,0.0461445973078,0.28846006311,0.288489434016,0.175720180481
2014-05-09,0.0754803506629,0.195840326751,0.150523374888,0.169183601003,0.408972346695
2014-05-10,0.289606670414,0.277357542809,0.0656147592503,0.11233389494,0.255087132587
2014-05-13,0.146182326772,0.175523299544,0.200669140085,0.212194337663,0.265430895935
2014-05-14,0.297886139602,0.214755074457,0.20451667787,0.0989668835633,0.183875224508
2014-05-15,0.168342690698,0.252773698609,0.0799123034567,0.0667525471537,0.432218760082
2014-05-16,0.0932956291338,0.300075128167,0.207343945961,0.198010453788,0.20127484295
2014-05-17,0.133917672018,0.295277859533,0.282148969819,0.0730070876149,0.215648411015
2014-05-20,0.0821583857452,0.380775481522,0.194609166978,0.296069132393,0.0463878333611
2014-05-21,0.171190002841,0.331455725329,0.13951613145,0.119858016301,0.23798012408
2014-05-22,0.0261748530986,0.281642410845,0.446345402594,0.116417268144,0.129420065318
2014-05-23,0.233866472606,0.191840865759,0.139010714356,0.203124025996,0.232157921283
2014-05-24,0.0639829139755,0.272533830576,0.307818062323,0.122979086778,0.232686106348
2014-05-27,0.174535633518,0.248881179373,0.257866542846,0.231174495168,0.0875421490944
2014-05-28,0.0913579795898,0.291099517734,0.197096650535,0.0755239617242,0.344921890417
2014-05-29,0.229369182114,0.201496257337,0.408696675811,0.0741766057123,0.0862612790257
2014-05-30,0.0657556822263,0.0642235225008,0.140846977394,0.360430343846,0.368743474033
2014-05-31,0.122519965414,0.37635892529,0.156468675637,0.33616662244,0.0084858112188
2014-06-03,0.234641845068,0.222707569638,0.261945925561,0.269254050039,0.0114506096941
2014-06-04,0.100166585294,0.119391440078,0.299861528346,0.310854796551,0.169725649731
2014-06-05,0.222535641264,0.0249412421503,0.200650319407,0.286980242489,0.26489255469
2014-06-06,0.149189599181,0.188272117019,0.270552803714,0.0523328961203,0.339652583966
2014-06-07,0.303530725488,0.0209846505225,0.222255879966,0.151875286614,0.301353457409
2014-06-10,0.173745708083,0.238797856777,0.145997267234,0.298612302179,0.142846865727
2014-06-11,0.159070741959,0.187989640368,0.215149413024,0.169402356578,0.268387848072
2014-06-12,0.0769258069729,0.348788644433,0.0206930767859,0.449370513031,0.104221958777
2014-06-13,0.0647763767565,0.0243623587317,0.191655609271,0.349388557797,0.369817097444
2014-06-14,0.102573533416,0.0680852134494,0.148516735596,0.412428724913,0.268395792626
2014-06-17,0.367265769974,0.187481984521,0.0779396253777,0.288627338944,0.0786852811834
2014-06-18,0.231641441004,0.308874130147,0.141645793175,0.0168461517827,0.300992483892
2014-06-19,0.299831324176,0.265835691525,0.17932592904,0.242799522992,0.0122075322669
2014-06-20,0.173959472036,0.332181193371,0.196730536538,0.0400723191124,0.257056478943
2014-06-21,0.212416525372,0.394618009135,0.099427464739,0.112085949374,0.18145205138
2014-06-24,0.0968879322841,0.13912502322,0.253588810961,0.449809351624,0.0605888819113
2014-06-25,0.0572680683354,0.286846854485,0.128773481492,0.265193949287,0.261917646401
2014-06-26,0.172744685687,0.10226073587,0.246069146417,0.283684340405,0.195241091621
2014-06-27,0.153447619299,0.0954547142016,0.340353867949,0.144544233541,0.266199565009
2014-06-28,0.188560337398,0.219871852917,0.202780519216,0.170449961134,0.218337329336
2014-07-01,0.156729495743,0.24841454365,0.16980667928,0.390701571816,0.0343477095113
2014-07-02,0.116482248925,0.299236252372,0.150224268044,0.147832272739,0.286224957921
2014-07-03,0.419459606915,0.0140314630385,0.26529190834,0.229630052772,0.0715869689344
2014-07-04,0.258435866391,0.288922029661,0.123101636032,0.296335058244,0.0332054096722
2014-07-05,0.266631905442,0.345522937407,0.20417577579,0.0993845205868,0.0842848607745
2014-07-08,0.0256671856624,0.336068764277,0.481214469578,0.117732604671,0.0393169758111
2014-07-09,0.305040290275,0.226309722004,0.0423003639805,0.21358352078,0.212766102961
2014-07-10,0.24093341908,0.25087372604,0.143014524406,0.242391152756,0.122787177718
2014-07-11,0.349929002689,0.178047719836,0.149616314387,0.182693490933,0.139713472156
2014-07-12,0.261004325088,0.207163846484,0.227303598476,0.178156740927,0.126371489026
2014-07-15,0.131809445,0.13529017468,0.14473305656,0.197732575438,0.390434748321
2014-07-16,0.228492888736,0.133007963605,0.288546538213,0.277814566997,0.072138042448
2014-07-17,0.293420547281,0.357900398259,0.17648002085,0.0232955207313,0.148903512878
2014-07-18,0.227442083694,0.343104317541,0.271045087461,0.0421938107549,0.116214700549
2014-07-19,0.31568954263,0.101574677745,0.112218994866,0.305264315858,0.165252468901
2014-07-22,0.00677442760778,0.294594841259,0.16790026544,0.315003116868,0.215727348825
2014-07-23,0.300192472346,0.160687538702,0.505830697283,0.0233983384504,0.00989095321898
2014-07-24,0.401218471014,0.402157101282,0.0156465263337,0.147856592234,0.033121309136
2014-07-25,0.0443149204056,0.365515283913,0.238472649446,0.0390955714068,0.312601574829
2014-07-26,0.22998929807,0.363811741551,0.202022578717,0.0938971527229,0.110279228939
2014-07-29,0.270606443119,0.140257010916,0.174109782778,0.248720702724,0.166306060463
2014-07-30,0.32582219044,0.0678809270721,0.327153832662,0.250655631282,0.0284874185437
2014-07-31,0.37764231017,0.188112518506,0.057092941125,0.129721499227,0.247430730972
2014-08-01,0.167937346755,0.124358351593,0.163786868631,0.286197030262,0.257720402759
2014-08-02,0.142167016321,0.206138699999,0.169523820956,0.197039098922,0.285131363801
2014-08-05,0.00814497964117,0.330960884838,0.255254326117,0.0984893443492,0.307150465055
2014-08-06,0.149878598102,0.189059224278,0.45116453239,0.206179870262,0.00371777496766
2014-08-07,0.170528496907,0.17727696401,0.272125149175,0.267420991745,0.112648398163
2014-08-08,0.00544163064162,0.245279839891,0.430095301596,0.0560464575946,0.263136770277
2014-08-09,0.178451763422,0.359449018112,0.158277902531,0.0690805450781,0.234740770857
2014-08-12,0.15928799513,0.177854734562,0.335027520078,0.10190685202,0.22592289821
2014-08-13,0.0714026599158,0.124982878661,0.3444355351,0.366033635996,0.0931452903269
2014-08-14,0.321283684732,0.193873060418,0.0944913237025,0.12772893166,0.262622999487
2014-08-15,0.432940376368,0.0361062486259,0.184040917213,0.202603888259,0.144308569534
2014-08-16,0.216428787253,0.155972584723,0.143112532789,0.163158350794,0.321327744441
2014-08-19,0.256025911273,0.188912872191,0.188585020452,0.148046275216,0.218429920868
2014-08-20,0.156987798694,0.244834102863,0.189742133338,0.168973025141,0.239462939963
2014-08-21,0.224596979067,0.237740115002,0.109991902117,0.195497162792,0.232173841021
2014-08-22,0.394600050419,0.063591105755,0.0161249731059,0.146685928513,0.378997942208
2014-08-23,0.310672528335,0.368564916623,0.0494468796653,0.212609018991,0.0587066563849
2014-08-26,0.0513304430826,0.277681959289,0.437264695293,0.0942664604426,0.139456441892
2014-08-27,0.210638551859,0.258114306803,0.22835808098,0.178094995937,0.124794064421
2014-08-28,0.171552566451,0.353031663515,0.282193796088,0.0535403580343,0.139681615912
2014-08-29,0.110642964757,0.394196971981,0.208210953674,0.241004288539,0.0459448210496
2014-08-30,0.188876094219,0.23363761342,0.0429087238251,0.292264317245,0.24231325129
2014-09-02,0.0509858907775,0.314981592897,0.0228058004608,0.169642899434,0.441583816431
2014-09-03,0.200983466499,0.337467938339,0.294254837199,0.0377268227933,0.12956693517
2014-09-04,0.26237936974,0.264958275891,0.223475913243,0.164780076222,0.084406364904
2014-09-05,0.0865451221772,0.139210110124,0.293487654328,0.264321799013,0.216435314358
2014-09-06,0.0521628134868,0.318585488705,0.149821760862,0.089836429767,0.389593507179
2014-09-09,0.381028472205,0.195954772352,0.353522118523,0.0536090721297,0.0158855647902
2014-09-10,0.141786177213,0.179351048624,0.125919827548,0.341210731561,0.211732215055
2014-09-11,0.0687230317184,0.396273087915,0.13269294603,0.106750301679,0.295560632659
2014-09-12,0.181933452769,0.217851647289,0.255589675625,0.0644861855101,0.280139038806
2014-09-13,0.131292955636,0.102063451213,0.186989734005,0.268664971576,0.31098888757
2014-09-16,0.233915031604,0.20712236182,0.281597791996,0.259186288528,0.018178526052
2014-09-17,0.191089682013,0.236798146855,0.249246140612,0.184609605939,0.138256424581
2014-09-18,0.352195707162,0.0062971715601,0.0517192073107,0.430806726562,0.158981187405
2014-09-19,0.176447359356,0.174001093426,0.229509734551,0.316656180417,0.10338563225
2014-09-20,0.218647324984,0.185559322922,0.224298555334,0.210194890437,0.161299906323
2014-09-23,0.0794449145731,0.0599095677426,0.433840425457,0.20752880571,0.219276286518
2014-09-24,0.216482106729,0.247943236885,0.231841864117,0.162978426459,0.140754365809
2014-09-25,0.294476249434,0.0154367642306,0.313601316256,0.193037413231,0.183448256849
2014-09-26,0.269964261599,0.233903259551,0.197730966096,0.205377805718,0.0930237070354
2014-09-27,0.097210148667,0.2689519139,0.125479119464,0.215311950917,0.293046867052
2014-09-30,0.380560053648,0.354600571655,0.087491201771,0.0430841819149,0.134263991011
2014-10-01,0.262287807186,0.0671799767717,0.376993468176,0.109430491807,0.184108256059
2014-10-02,0.314151931515,0.183528855602,0.126050906568,0.182191197043,0.194077109273
2014-10-03,0.106746381401,0.348888126058,0.00559021848586,0.193500610612,0.345274663442
2014-10-04,0.314898600803,0.0336951228533,0.139581294901,0.290340066971,0.221484914472
2014-10-07,0.346291155571,0.232048347413,0.201415263685,0.0629718976594,0.157273335672
2014-10-08,0.0550220118878,0.638582698687,0.0877842527145,0.00436610002175,0.214244936689
2014-10-09,0.279592743697,0.239912127691,0.0422106154826,0.367872913094,0.0704116000363
2014-10-10,0.135769581421,0.162504087762,0.247893595241,0.196521432509,0.257311303066
2014-10-11,0.323305620111,0.0420254237439,0.179950192877,0.343021478738,0.111697284529
2014-10-14,0.0886372116967,0.301316924533,0.203678980026,0.192837309527,0.213529574217
2014-10-15,0.360816268626,0.106873741242,0.2506645863,0.251981716601,0.0296636872305
2014-10-16,0.26739881891,0.116208205463,0.0369168793612,0.110017297868,0.469458798397
2014-10-17,0.172320165901,0.0390267119084,0.1581155414,0.330253715964,0.300283864827
2014-10-18,0.105319536144,0.193059426465,0.364344063871,0.175001761556,0.162275211964
2014-10-21,0.346458243292,0.244323438413,0.079609778526,0.16277849817,0.166830041599
2014-10-22,0.335224472553,0.123075188857,0.286633841107,0.149238869453,0.105827628029
2014-10-23,0.0824212507303,0.186752202473,0.115388151296,0.375439276437,0.239999119064
2014-10-24,0.328406854323,0.223596215105,0.0283461629457,0.272105249939,0.147545517688
2014-10-25,0.152568833363,0.148289976552,0.223421842354,0.226975409479,0.248743938253
2014-10-28,0.234272117853,0.116860177179,0.182354307207,0.236283973489,0.230229424272
2014-10-29,0.180920681633,0.219432106816,0.192537117953,0.334291892251,0.0728182013467
2014-10-30,0.154013027044,0.193710760503,0.372258146071,0.105556007567,0.174462058816
2014-10-31,0.00239732330176,0.499195782385,0.0532382383917,0.365389972975,0.0797786829466
2014-11-01,0.325400478681,0.169039642126,0.0213438699457,0.148436533855,0.335779475392
2014-11-04,0.155902690075,0.241887890932,0.195650857903,0.250236633659,0.156321927431
2014-11-05,0.0776285725853,0.225511851471,0.103048984148,0.303290800658,0.290519791137
2014-11-06,0.283282582083,0.206535926913,0.199721569252,0.095895027716,0.214564894036
2014-11-07,0.103518635018,0.28538576556,0.17253559865,0.289300491866,0.149259508906
2014-11-08,0.192798728822,0.140963869298,0.216615933875,0.22250755062,0.227113917385
2014-11-11,0.278910106963,0.246090314125,0.0615613341792,0.283008384582,0.13042986015
2014-11-12,0.296274146808,0.264182501162,0.00303845248971,0.0645247966915,0.371980102849
2014-11-13,0.429727993759,0.0607534130396,0.310497750697,0.185532917542,0.0134879249626
2014-11-14,0.0196500225707,0.17363538012,0.31707059745,0.253324358353,0.236319641506
2014-11-15,0.308372240465,0.0243350979286,0.0569380722041,0.352454404838,0.257900184565
2014-11-18,0.154769073682,0.277560382876,0.110943184581,0.333407305986,0.123320052874
2014-11-19,0.0911910880214,0.0338509171202,0.178607242337,0.433557266831,0.26279348569
2014-11-20,0.171410624845,0.219862823731,0.233355409315,0.144124774975,0.231246367134
2014-11-21,0.21516009801,0.0823229798092,0.349672051868,0.0768796305919,0.275965239721
2014-11-22,0.205519007145,0.353118965792,0.0694686247945,0.137894988547,0.233998413722
2014-11-25,0.0584699351898,0.197349141391,0.189931872825,0.244323880575,0.309925170019
2014-11-26,0.177520310239,0.0991004783772,0.112205771063,0.294411572097,0.316761868223
2014-11-27,0.173968971179,0.156823893841,0.204681068287,0.186086840528,0.278439226164
2014-11-28,0.418803910381,0.0858736178823,0.286629126046,0.046282255968,0.162411089723
2014-11-29,0.354089578034,0.192387547232,0.102789524263,0.208290968502,0.142442381968
2014-12-02,0.243158824443,0.102117793479,0.0979923926927,0.174690998362,0.382039991023
2014-12-03,0.117179863423,0.487404646994,0.312160402147,0.0553969651397,0.0278581222967
2014-12-04,0.329852529342,0.152790211072,0.244545127255,0.207080689728,0.0657314426046
2014-12-05,0.148856334136,0.36335567624,0.238212829681,0.127549777924,0.122025382019
2014-12-06,0.424733745586,0.0460311755175,0.0706086845252,0.052040606597,0.406585787774
2014-12-09,0.248139731059,0.341365007326,0.0669449393282,0.110281558935,0.233268763352
2014-12-10,0.349449286258,0.354224169567,0.108136855062,0.176312631404,0.0118770577083
2014-12-11,0.270460062669,0.0821396262355,0.175073761397,0.0868189778341,0.385507571864
2014-12-12,0.338294681814,0.288402496735,0.158401894865,0.0693263746187,0.145574551967
2014-12-13,0.150114663494,0.161724176748,0.253798533865,0.327857390637,0.106505235256
2014-12-16,0.261218127145,0.0854151637856,0.220179730451,0.262934431677,0.170252546941
2014-12-17,0.0399231121215,0.354293791961,0.159413938196,0.184820686202,0.261548471519
2014-12-18,0.109867593773,0.055323277053,0.125930412186,0.276715419524,0.432163297464
2014-12-19,0.244668533714,0.337252181327,0.312297554378,0.0168140849485,0.0889676456326
2014-12-20,0.273491570753,0.239556510182,0.18816369371,0.187023589388,0.111764635967
2014-12-23,0.0784686784889,0.0757802471212,0.256854547312,0.215696407737,0.373200119341
2014-12-24,0.284939342269,0.0684774903084,0.178966159625,0.269080858912,0.198536148886
2014-12-25,0.120566985719,0.26143830545,0.142201339566,0.117988515852,0.357804853413
2014-12-26,0.151289030679,0.218694331291,0.0226402865119,0.190411833793,0.416964517726
2014-12-27,0.159233453409,0.137771789541,0.206244197603,0.303055717027,0.193694842419
2014-12-30,0.0833838095719,0.216037255816,0.195961168681,0.442715956393,0.0619018095384
2014-12-31,0.0528698324131,0.290123718599,0.230334079445,0.304430972681,0.122241396861
2015-01-01,0.143191407442,5.85343033383e-05,0.282361607063,0.310147535137,0.264240916054
2015-01-02,0.0913976396025,0.235784344459,0.062556537674,0.0571656224812,0.553095855783
2015-01-03,0.124907073387,0.460365096084,0.08245850923,0.0297216615398,0.30254765976
2015-01-06,0.0803361601319,0.320544020049,0.0675471584935,0.0935937807784,0.437978880547
2015-01-07,0.159233683372,0.291763354348,0.0886912793998,0.188628535121,0.271683147758
2015-01-08,0.00974292046592,0.118691905663,0.461766546902,0.0121139327994,0.39768469417
2015-01-09,0.160661123492,0.233991697258,0.133592366599,0.16895219629,0.302802616361
2015-01-10,0.241042388879,0.0455896259422,0.218375375942,0.235164574221,0.259828035016
2015-01-13,0.301487866762,0.0136641962903,0.266955282297,0.0499461292577,0.367946525393
2015-01-14,0.345001502836,0.250570343911,0.269686272974,0.122261684655,0.0124801956233
2015-01-15,0.235182367743,0.0986399551217,0.274710040853,0.12581377925,0.265653857032
2015-01-16,0.0723492025086,0.342235327259,0.222463625445,0.314587483948,0.0483643608391
2015-01-17,0.283630091444,0.290334727829,0.28001670917,0.0438904524024,0.102128019154
2015-01-20,0.235359758286,0.209307100354,0.181130689899,0.169723221614,0.204479229848
2015-01-21,0.421315762047,0.125917735632,0.278939212852,0.0263476286415,0.147479660828
2015-01-22,0.0461055698863,0.295399599431,0.302280116003,0.0276988061562,0.328515908523
2015-01-23,0.179265234185,0.304241516799,0.249664511628,0.215857216261,0.0509715211265
2015-01-24,0.00283301856125,0.379281123079,0.246870492288,0.0826729407896,0.288342425282
2015-01-27,0.199687660956,0.229319656323,0.1969437731,0.212148909415,0.161900000206
2015-01-28,0.090059324107,0.210253680721,0.122857164499,0.306996923766,0.269832906908
2015-01-29,0.0469005184281,0.0807993352212,0.357094221748,0.401334134183,0.113871790419
2015-01-30,0.115927949991,0.117002184825,0.677266455182,0.0405541528601,0.0492492571409
2015-01-31,0.405678098131,0.039783509039,0.353106092416,0.0546775959925,0.146754704421
2015-02-03,0.0230865920754,0.176630500793,0.328241457588,0.266243835457,0.205797614087
2015-02-04,0.140701335523,0.0146142791649,0.00833108434713,0.405237326257,0.431115974709
2015-02-05,0.100924678902,0.267111680765,0.108074198972,0.24224273695,0.281646704411
2015-02-06,0.125202124373,0.270996801298,0.172541778519,0.210909045861,0.220350249949
2015-02-07,0.201265318907,0.236756464639,0.25143786197,0.0709604680192,0.239579886465
2015-02-10,0.393633545132,0.123057059233,0.112782215883,0.15107893488,0.219448244872
2015-02-11,0.0296585766698,0.136241594452,0.368653329736,0.440162776781,0.0252837223608
2015-02-12,0.264446865314,0.229492449351,0.174021069463,0.0731111171663,0.258928498706
2015-02-13,0.34344032966,0.068942287677,0.0843879329842,0.131421864587,0.371807585092
2015-02-14,0.17013272001,0.00373041141616,0.222465537567,0.265441477109,0.338229853898
2015-02-17,0.286867724726,0.0800201975588,0.223781599802,0.218196786397,0.191133691516
2015-02-18,0.364563633647,0.0297436379371,0.247455259928,0.281070489425,0.0771669790625
2015-02-19,0.0378036415713,0.278511271394,0.025246087804,0.489996709464,0.168442289767
2015-02-20,0.145175566618,0.119020669048,0.277147863703,0.295744544791,0.162911355841
2015-02-21,0.129678080858,0.162193036818,0.22498947387,0.142073649027,0.341065759427
2015-02-24,0.169223972843,0.220405104834,0.197042113951,0.195627221165,0.217701587207
2015-02-25,0.214757603854,0.104698479154,0.367519712925,0.201362600859,0.111661603208
2015-02-26,0.0731834575297,0.256480518145,0.284607699916,0.303800724488,0.0819275999212
2015-02-27,0.317913413084,0.0654442824873,0.0766771691607,0.280477919885,0.259487215383
2015-02-28,0.261770696823,0.222544240869,0.284022707433,0.20340626939,0.0282560854843
2015-03-03,0.292711007767,0.230783758555,0.0936569751238,0.342953384013,0.0398948745416
2015-03-04,0.017180789905,0.33296780614,0.0913900883444,0.239147370366,0.319313945244
2015-03-05,0.153246915984,0.120297734687,0.245677077414,0.215558584941,0.265219686974
2015-03-06,0.301028261711,0.0667382902172,0.273103480472,0.101511463873,0.257618503726
2015-03-07,0.351538614239,0.172577240034,0.224601154252,0.0733152628725,0.177967728603
2015-03-10,0.409712422294,0.177793769393,0.087435861825,0.271180016332,0.0538779301561
2015-03-11,0.155668531536,0.215720597103,0.00971113727078,0.279676348013,0.339223386077
2015-03-12,0.216575094919,0.255690011092,0.225664970278,0.157864007689,0.144205916023
2015-03-13,0.171740344282,0.100333762841,0.467930297877,0.117579039443,0.142416555557
2015-03-14,6.32406562336e-05,0.426245735216,0.0131272333801,0.307150167236,0.253413623511
2015-03-17,0.104265494052,0.137758063034,0.336821669246,0.00161072706366,0.419544046604
2015-03-18,0.0693970102982,0.225150269702,0.0899479347839,0.282933166507,0.332571618709
2015-03-19,0.0142091763894,0.319936750568,0.369491045815,0.126768747602,0.169594279626
2015-03-20,0.276821499845,0.553916182582,0.120093347701,0.0232274641613,0.0259415057103
2015-03-21,0.189128970424,0.243463640515,0.092929573713,0.246346206665,0.228131608684
2015-03-24,0.255659276604,0.0450583061927,0.177769376514,0.294210240148,0.227302800541
2015-03-25,0.0165012848109,0.0343763447329,0.500568787587,0.152337180928,0.296216401941
2015-03-26,0.146485729939,0.17129736165,0.410166330808,0.270862443449,0.00118813415359
2015-03-27,0.331406413749,0.104055622966,0.240393254013,0.284104027086,0.0400406821858
2015-03-28,0.187533805041,0.148240826362,0.249518798149,0.162135829021,0.252570741426
2015-03-31,0.127174506583,0.159159778652,0.241633645,0.221708902543,0.250323167222
2015-04-01,0.234018475216,0.496800128699,0.0400491729765,0.207527009373,0.021605213736
2015-04-02,0.111451398257,0.37780877497,0.108773945293,0.333430674458,0.0685352070213
2015-04-03,0.355478693718,0.0627376164454,0.0569527072139,0.152533529208,0.372297453415
2015-04-04,0.0390691701706,0.224243774586,0.254551390409,0.324506860121,0.157628804714
2015-04-07,0.180069627431,0.128466427518,0.24041545668,0.233242015984,0.217806472387
2015-04-08,0.185806418137,0.0778646633792,0.496817665175,0.149084824848,0.0904264284616
2015-04-09,0.217739815034,0.229327516684,0.17911028463,0.158841778601,0.214980605051
2015-04-10,0.0847765534856,0.192384803465,0.256768255908,0.293730670822,0.172339716319
2015-04-11,0.0834459050364,0.407088413367,0.249301770191,0.0232843128053,0.2368795986
2015-04-14,0.185128586707,0.0201111464449,0.23131450649,0.273767269886,0.289678490472
2015-04-15,0.273111941645,0.184199480318,0.263609707087,0.103304435546,0.175774435405
2015-04-16,0.250076567214,0.169999457331,0.0736686243445,0.265828311483,0.240427039627
2015-04-17,0.151009450189,0.159828442479,0.263311355916,0.368495208895,0.057355542521
2015-04-18,0.161222494697,0.313628352003,0.164486552387,0.130052261097,0.230610339816
2015-04-21,0.24144263002,0.282717109924,0.0556720132925,0.0572486765498,0.362919570213
2015-04-22,0.259643884406,0.257938766937,0.0572682397738,0.310938127762,0.114210981122
2015-04-23,0.1178277903,0.056190598066,0.500495695285,0.0185142294807,0.306971686869
2015-04-24,0.0369601794652,0.167702127214,0.447308263865,0.0529014822997,0.295127947156
2015-04-25,0.0278409243328,0.591934184088,0.215979931013,0.108648938111,0.0555960224544
2015-04-28,0.232056114271,0.0798530158225,0.186089932374,0.437646597341,0.0643543401916
2015-04-29,0.200291575402,0.17392427342,0.106692778472,0.331092905088,0.187998467617
2015-04-30,0.0941820757547,0.507264314752,0.273701162273,0.122087385965,0.00276506125527
2015-05-01,0.12263472093,0.270970554325,0.08660658206,0.099742608659,0.420045534025
2015-05-02,0.130913803995,0.304106838124,0.0331446249221,0.264309893957,0.267524839002
2015-05-05,0.176640012656,0.100567785399,0.179222702412,0.277453343799,0.266116155734
2015-05-06,0.233261473183,0.190872477889,0.0125899835344,0.388857001273,0.174419064121
2015-05-07,0.0707165703874,0.371955126021,0.272171573545,0.250312888439,0.0348438416077
2015-05-08,0.00651174873015,0.292892993788,0.47201540544,0.00620237987144,0.22237747217
2015-05-09,0.257231647378,0.135830403263,0.238469498869,0.160906231737,0.207562218754
2015-05-12,0.0849347296858,0.294381835885,0.0994898728568,0.440641049968,0.0805525116048
2015-05-13,0.09482382031,0.0579734611467,0.297809666194,0.308082607787,0.241310444562
2015-05-14,0.320658726722,0.166629473481,0.106388707022,0.260539888794,0.145783203981
2015-05-15,0.206920861901,0.246264070975,0.103287292033,0.208931662192,0.234596112899
2015-05-16,0.374400520652,0.202628783317,0.0674420381101,0.177498106034,0.178030551887
2015-05-19,0.271743451261,0.0201705491084,0.25425606995,0.211183613625,0.242646316056
2015-05-20,0.0443818747832,0.383628099362,0.172404024036,0.239667068921,0.159918932897
2015-05-21,0.0219268228585,0.15866663294,0.432735430854,0.291446690037,0.0952244233098
2015-05-22,0.227947736421,0.0698950289302,0.255538157776,0.160976984267,0.285642092606
2015-05-23,0.127106821959,0.187568626122,0.426140904735,0.0379531740919,0.221230473092
2015-05-26,0.0280069369753,0.22304510277,0.17483546027,0.3517556245,0.222356875484
2015-05-27,0.127489936737,0.185924009557,0.259177657289,0.129005267419,0.298403128997
2015-05-28,0.00636301280201,0.0883188974687,0.217619064644,0.162366691595,0.52533233349
2015-05-29,0.184614906507,0.251882563426,0.308892104843,0.102750973295,0.151859451929
2015-05-30,0.257783914699,0.00850137986131,0.112023813839,0.376995536273,0.244695355327
2015-06-02,0.251879263116,0.282854586124,0.250473963236,0.213932831357,0.000859356166876
2015-06-03,0.267631632995,0.160515826051,0.231806666717,0.0144431637741,0.325602710463
2015-06-04,0.152446461396,0.21062175956,0.108985232225,0.276688717372,0.251257829447
2015-06-05,0.213599805727,0.252153784411,0.204162287551,0.070671421601,0.25941270071
2015-06-06,0.0572815361602,0.0917572104212,0.248846476304,0.335901998717,0.266212778398
2015-06-09,0.0646668658292,0.308512778688,0.231536066626,0.134065484281,0.261218804576
2015-06-10,0.143116308102,0.156380682492,0.257693408742,0.215659602088,0.227149998576
2015-06-11,0.336114901923,0.0416174615759,0.169545411427,0.0306658770221,0.422056348052
2015-06-12,0.0847870354461,0.236452858482,0.246176403272,0.316203862706,0.116379840094
2015-06-13,0.127013634434,0.0774201213882,0.302531098497,0.297150836258,0.195884309423
2015-06-16,0.122273336213,0.0408851201221,0.421733683472,0.341226724406,0.0738811357869
2015-06-17,0.293200577746,0.190500802898,0.19619375656,0.150892174019,0.169212688776
2015-06-18,0.167552855364,0.329889551343,0.0142018529112,0.00722379845283,0.481131941929
2015-06-19,0.27180218272,0.0442541394982,0.339355398493,0.186525609053,0.158062670236
2015-06-20,0.249528937645,0.0923903310649,0.320401563653,0.326400782042,0.0112783855956
2015-06-23,0.0583729428943,0.512448939842,0.0745511083473,0.247131354652,0.107495654264
2015-06-24,0.247257223551,0.273463801518,0.102322595472,0.0825243650341,0.294432014425
2015-06-25,0.0293969544029,0.12493730655,0.326314461457,0.274964449124,0.244386828467
2015-06-26,0.307560196838,0.283708209638,0.142759191571,0.186200993723,0.07977140823
2015-06-27,0.0849034400097,0.207240253287,0.204714828026,0.215152788143,0.287988690535
2015-06-30,0.164873481477,0.12942439405,0.00157997685843,0.417010815735,0.28711133188
2015-07-01,0.0449057010456,0.262941333114,0.321462030388,0.209804949572,0.160885985881
2015-07-02,0.0913440982985,0.387848934061,0.159415504494,0.213997483647,0.1473939795
2015-07-03,0.27884405049,0.0973388835719,0.210152994377,0.191036090951,0.22262798061
2015-07-04,0.0410933431019,1.77207003571e-05,0.39009565334,0.201764940369,0.367028342489
2015-07-07,0.0877238112173,0.263380504148,0.123221861491,0.178810845925,0.346862977219
2015-07-08,0.287072333695,0.274212410026,0.0495970088256,0.28162215554,0.107496091914
2015-07-09,0.0908960872462,0.396646889701,0.293864488861,0.1466333556,0.0719591785914
2015-07-10,0.293193106346,0.166022958304,0.0741783823889,0.20987029302,0.256735259941
2015-07-11,0.0481001749336,0.153166286135,0.400014659775,0.269267885375,0.129450993782
2015-07-14,0.127107577843,0.207977757686,0.350004031098,0.234878475637,0.0800321577364
2015-07-15,0.158621237589,0.315118677527,0.199436708218,0.222872182571,0.103951194095
2015-07-16,0.249156436545,0.287954935168,0.2976274231,0.119488861398,0.04577234379
2015-07-17,0.248121893264,0.245044027376,0.0611222254929,0.22814397997,0.217567873897
2015-07-18,0.105106706791,0.249731438136,0.171021359177,0.197190375762,0.276950120133
2015-07-21,0.146493212305,0.0298302436475,0.325769013995,0.217153009222,0.280754520831
2015-07-22,0.0862986198036,0.573542869386,0.174030058756,0.00766122053488,0.158467231519
2015-07-23,0.172014994505,0.312328515394,0.193436967796,0.0628658638858,0.259353658419
2015-07-24,0.247990664514,0.363222079606,0.00114684353809,0.162328141373,0.225312270969
2015-07-25,0.173234445987,0.331226772884,0.152371935612,0.29368995874,0.0494768867769
2015-07-28,0.186073212565,0.157018631416,0.254435257199,0.182109306009,0.220363592811
2015-07-29,0.315076562213,0.154030232507,0.143539354575,0.162126448132,0.225227402573
2015-07-30,0.266495876465,0.264323059472,0.305561440056,0.00622556004916,0.157394063958
2015-07-31,0.292511414453,0.212528198517,0.146757709335,0.0891015283638,0.259101149332
2015-08-01,0.166989203298,0.186478737052,0.12453649985,0.302228694486,0.219766865315
2015-08-04,0.143287251563,0.296420275743,0.0854023154692,0.358640292082,0.116249865142
2015-08-05,0.263934910904,0.0117855549837,0.216681476604,0.458407070916,0.0491909865915
2015-08-06,0.386736095673,0.13146350713,0.0430075657223,0.104349869548,0.334442961926
2015-08-07,0.12863214019,0.161173632366,0.0638477552081,0.434886391689,0.211460080548
2015-08-08,0.237526874135,0.284048180633,0.201518405743,0.114937712779,0.16196882671
2015-08-11,0.209399907727,0.0194644797447,0.24409674327,0.28835146327,0.238687405989
2015-08-12,0.388095649334,0.0814518761578,0.0721159267827,0.134158273498,0.324178274227
2015-08-13,0.279231938058,0.276030419604,0.223058629754,0.136390909188,0.0852881033969
2015-08-14,0.250001947271,0.0098364165815,0.0582689689113,0.372969151749,0.308923515488
2015-08-15,0.230381324623,0.186536061299,0.189079095547,0.179072055386,0.214931463145
2015-08-18,0.26754690664,0.0468686630968,0.213662464267,0.236230726916,0.23569123908
2015-08-19,0.307492384473,0.216807862917,0.225763770088,0.0020553054295,0.247880677093
2015-08-20,0.245120233931,0.264835966834,0.222214127843,0.170078748163,0.0977509232277
2015-08-21,0.101986143936,0.206049788053,0.344479144384,0.347353236641,0.000131686985488
2015-08-22,0.141521219063,0.245439356436,0.448457131291,0.0211689838418,0.143413309368
2015-08-25,0.209289951528,0.247464772764,0.121494684578,0.300057793066,0.121692798064
2015-08-26,0.166202227721,0.227724603393,0.207197919365,0.105274773313,0.293600476208
2015-08-27,0.38504809574,0.0665941784056,0.289311967546,0.105484888845,0.153560869463
2015-08-28,0.207274532919,0.281008318379,0.181852166763,0.276261596592,0.053603385347
2015-08-29,0.136291689505,0.412655095801,0.0312662286351,0.314365581519,0.10542140454
2015-09-01,0.0914931612991,0.0466477424658,0.416110911609,0.413581049048,0.032167135578
2015-09-02,0.150389969233,0.239222527478,0.160927235016,0.208723870792,0.240736397481
2015-09-03,0.129659477386,0.290005759197,0.190721938138,0.310224323661,0.0793885016196
2015-09-04,0.226617206242,0.208543234307,0.222637070942,0.297279129653,0.0449233588555
2015-09-05,0.219942178091,0.129825579063,0.210241966199,0.248540837461,0.191449439187
2015-09-08,0.21642876268,0.255411918304,0.0104480534128,0.245783833368,0.271927432235
2015-09-09,0.240171611028,0.246272351096,0.15465890188,0.241349900335,0.117547235661
2015-09-10,0.263799417503,0.0200578659494,0.0341427061604,0.524105618401,0.157894391986
2015-09-11,0.0603055173288,0.253419696887,0.0229572740873,0.333912571923,0.329404939774
2015-09-12,0.179010340462,0.0498217587189,0.345465048133,0.165659091858,0.260043760828
2015-09-15,0.27059840813,0.119538711336,0.239470561854,0.256542850235,0.113849468445
2015-09-16,0.186471813137,0.152525849905,0.32477899976,0.172004784884,0.164218552313
2015-09-17,0.166287868954,0.320784140232,0.107625502736,0.13713893289,0.268163555188
2015-09-18,0.233993352009,0.196706651073,0.217181554369,0.182530749393,0.169587693155
2015-09-19,0.220930192456,0.0631562962958,0.276166640424,0.280983605621,0.158763265204
2015-09-22,0.107261494768,0.0661899245107,0.20349459697,0.343019184339,0.280034799412
2015-09-23,0.192289557704,0.263078190486,0.232297906818,0.0889998102508,0.223334534741
2015-09-24,0.186261687018,0.189528837463,0.208006121089,0.223273268905,0.192930085525
2015-09-25,0.0640655614714,0.428026005912,0.170904710526,0.23728416542,0.099719556671
2015-09-26,0.251433126677,0.000849696405586,0.385806525094,0.349522461708,0.0123881901154
2015-09-29,0.0546130927338,0.310893395534,0.0879732326966,0.222906132793,0.323614146242
2015-09-30,0.167711872625,0.214436873136,0.267570815986,0.208393808401,0.141886629853
2015-10-01,0.319326332981,0.234675661125,0.284663608546,0.106977596608,0.0543568007396
2015-10-02,0.231577671681,0.296774208261,0.265710241524,0.202144770708,0.00379310782538
2015-10-03,0.0518080270892,0.0800610118358,0.423153090168,0.240933507864,0.204044363043
2015-10-06,0.210310161953,0.148820278608,0.239178597302,0.265624108749,0.136066853389
2015-10-07,0.359810988956,0.0658340754426,0.08073370144,0.186484656198,0.307136577963
2015-10-08,0.114446921675,0.0890948056882,0.362522482119,0.119501342804,0.314434447714
2015-10-09,0.0862503567857,0.191980843373,0.440651018202,0.162565962986,0.118551818653
2015-10-10,0.10824553405,0.240386232788,0.256323016814,0.354023038921,0.0410221774263
2015-10-13,0.280485969381,0.100484983795,0.300732941533,0.0712009155302,0.247095189762
2015-10-14,0.297738347772,0.206661939494,0.135208279068,0.111394220815,0.248997212851
2015-10-15,0.333291631279,0.195644170914,0.218909830147,0.240233610246,0.0119207574142
2015-10-16,0.24534413758,0.215679400241,0.0805699746533,0.285336269895,0.173070217632
2015-10-17,0.30556490539,0.205877237171,0.124729352425,0.185288110044,0.17854039497
2015-10-20,0.248384148151,0.207285223425,0.0140088688627,0.470464717843,0.0598570417178
2015-10-21,0.15187629932,0.240652155632,0.0978760346582,0.360096372789,0.149499137601
2015-10-22,0.184600476255,0.0731840016945,0.152499167136,0.234902649354,0.354813705561
2015-10-23,0.0389560469292,0.185188371918,0.0197356841789,0.303996993268,0.452122903706
2015-10-24,0.0309867918104,0.453721884575,0.103839842099,0.341369143073,0.0700823384431
2015-10-27,0.159090144471,0.267458467452,0.217193318657,0.129127050868,0.227131018552
2015-10-28,0.119186751044,0.330401517976,0.179858230219,0.160300245831,0.210253254931
2015-10-29,0.49228175646,0.0537254349491,0.045962137036,0.320814935186,0.087215736369
2015-10-30,0.246691049085,0.496468564439,0.0360812956278,0.170306017343,0.0504530735051
2015-10-31,0.0326014269249,0.229968002846,0.065618634865,0.343615927293,0.328196008071
2015-11-03,0.390772370512,0.349710206223,0.136590163617,0.0505080628159,0.0724191968318
2015-11-04,0.277377056237,0.18407820716,0.2575816135,0.00575366488081,0.275209458222
2015-11-05,0.126244432406,0.400277237565,0.356413883762,0.0863397809628,0.0307246653043
2015-11-06,0.372940625197,0.0197433886186,0.33173028102,0.248623237079,0.0269624680845
2015-11-07,0.0883490714498,0.202496777565,0.0358303271365,0.115607076059,0.55771674779
2015-11-10,0.130093786841,0.110056579451,0.337955180899,0.321752169282,0.100142283528
2015-11-11,0.25247685863,0.0868535372518,0.2203481902,0.293049518153,0.147271895765
2015-11-12,0.060352128698,0.158056597938,0.391675041618,0.113302010634,0.276614221113
2015-11-13,0.0955148313205,0.10002217373,0.43238322693,0.349324315943,0.0227554520759
2015-11-14,0.0259761334213,0.228215343472,0.447068417995,0.185428658577,0.113311446535
2015-11-17,0.316450202012,0.106323571539,0.00680016871552,0.349469445706,0.220956612027
2015-11-18,0.514228484095,0.151765751719,0.22192809486,0.0702109371566,0.04186673217
2015-11-19,0.0634696262095,0.0823741294446,0.312025877094,0.330842098068,0.211288269184
2015-11-20,0.397778234409,0.423803046923,0.140650826483,0.00138383334503,0.0363840588404
2015-11-21,0.0436426982777,0.111338088903,0.0171323837391,0.412553849552,0.415332979528
2015-11-24,0.288098416449,0.290475469082,0.0888136575073,0.195938553807,0.136673903155
2015-11-25,0.297439676417,0.0975990738478,0.171632802826,0.281486863655,0.151841583255
2015-11-26,0.322023797776,0.348391588285,0.0250153275036,0.197715487375,0.106853799061
2015-11-27,0.215312487915,0.0251910308033,0.24419057556,0.304028820385,0.211277085337
2015-11-28,0.00355010183404,0.133287720018,0.351951028647,0.306746151263,0.204464998237
2015-12-01,0.237430227753,0.218914588491,0.259545002922,0.261399764414,0.0227104164193
2015-12-02,0.247278294574,0.141037675358,0.103162874269,0.112939701769,0.39558145403
2015-12-03,0.286006102772,0.141158424572,0.06505073817,0.338028131791,0.169756602695
2015-12-04,0.321113493585,0.149464588515,0.282502247272,0.239680750826,0.00723891980142
2015-12-05,0.0848283727874,0.271687511532,0.288079653176,0.212290106202,0.143114356302
2015-12-08,0.136457389098,0.271512321964,0.313783703847,0.195381013181,0.0828655719098
2015-12-09,0.269997429639,0.160062003094,0.199896890255,0.0126422858215,0.357401391191
2015-12-10,0.469648775962,0.0263132683699,0.157572097714,0.269124129598,0.0773417283561
2015-12-11,0.183884483345,0.210182664629,0.266032869725,0.0153578089582,0.324542173344
2015-12-12,0.0223060487553,0.42019223596,0.271722989262,0.0950036820355,0.190775043987
2015-12-15,0.00880949952431,0.250560454109,0.384497333529,0.286749633986,0.0693830788523
2015-12-16,0.231183762591,0.29430748229,0.154322444076,0.213381514359,0.106804796684
2015-12-17,0.236118408341,0.310913555813,0.0535571258462,0.324886709758,0.0745242002413
2015-12-18,0.237682657009,0.0871936293807,0.258943882881,0.297505240394,0.118674590336
2015-12-19,0.115358272856,0.201147797799,0.138423709537,0.214573420723,0.330496799085
2015-12-22,0.11830421373,0.0631192021624,0.335991627324,0.253761279321,0.228823677462
2015-12-23,0.256938803711,0.190072270767,0.275703990415,0.149523264207,0.127761670901
2015-12-24,0.195097784272,0.181467569082,0.0795422403922,0.285673818604,0.25821858765
2015-12-25,0.106650124191,0.230676150333,0.157589157003,0.185342714016,0.319741854457
2015-12-26,0.124383705444,0.0840023256399,0.463212616695,0.0580120922702,0.27038925995
2015-12-29,0.0512973088327,0.0988596956773,0.00189113524581,0.414435182623,0.433516677621
2015-12-30,0.320435282475,0.161945672731,0.156897670766,0.0758753977221,0.284845976305
2015-12-31,0.3180170229,0.243334581935,0.0404703921473,0.396433442116,0.00174456090062
2016-01-01,0.0530954374901,0.233072789419,0.214779064959,0.226297783478,0.272754924654
2016-01-02,0.216983989944,0.441745017652,0.143915101894,0.0756299196652,0.121725970845
2016-01-05,0.14565556999,0.390751827655,0.104177007097,0.268389975139,0.0910256201193
2016-01-06,0.356519339312,0.205963011585,0.0355371872308,0.320987572292,0.0809928895796
2016-01-07,0.0927798865452,0.135287562409,0.231492513983,0.338083501258,0.202356535805
2016-01-08,0.11129260486,0.211378549311,0.308248428873,0.317845023049,0.0512353939071
2016-01-09,0.0955501857993,0.15225187618,0.535319914369,0.18619439414,0.0306836295116
2016-01-12,0.0538505386405,0.0487879947566,0.354022894901,0.185821112526,0.357517459176
2016-01-13,0.195350288547,0.143119978119,0.273697658398,0.222449233431,0.165382841506
2016-01-14,0.115596495768,0.173592683766,0.240447353536,0.235752328665,0.234611138265
2016-01-15,0.201739991163,0.273690405552,0.220286614952,0.184304288686,0.119978699648
2016-01-16,0.215119087348,0.195277136427,0.0223136683603,0.239938454291,0.327351653574
2016-01-19,0.178717474353,0.0497816653669,0.347259167695,0.291469162393,0.132772530192
2016-01-20,0.316436181181,0.219895942409,0.245444288496,0.0121380689501,0.206085518964
2016-01-21,0.152773684318,0.136737572152,0.199944844545,0.100966677507,0.409577221477
2016-01-22,0.0516614774228,0.184351331485,0.18821186249,0.260596753779,0.315178574823
2016-01-23,0.15300159606,0.301559102027,0.204262386885,0.159950198182,0.181226716846
2016-01-26,0.0852994986731,0.335303593324,0.265308564532,0.0622721627345,0.251816180736
2016-01-27,0.293028564596,0.139456686588,0.303156787491,0.221584890533,0.0427730707924
2016-01-28,0.133401347519,0.304884617517,0.248896462409,0.0180328032306,0.294784769324
2016-01-29,0.167806465511,0.138144672428,0.373677931288,0.0122073715833,0.30816355919
2016-01-30,0.177470470819,0.259651641499,0.280920052823,0.18580065126,0.0961571835997
2016-02-02,0.2542452165,0.110264393688,0.326106434913,0.260404634425,0.0489793204745
2016-02-03,0.352393086134,0.111620094107,0.174579349305,0.0322627419464,0.329144728507
2016-02-04,0.385590639793,0.186153840952,0.388362872775,0.0110979835565,0.0287946629232
2016-02-05,0.142320271388,0.157803456135,0.0480135351524,0.351061744554,0.300800992771
2016-02-06,0.212338574578,0.505020540678,0.100170217654,0.031692456154,0.150778210935
2016-02-09,0.157043472088,0.261314297761,0.179247096206,0.0534445693922,0.348950564552
2016-02-10,0.178406395105,0.224675966116,0.301150304724,0.258851139321,0.0369161947338
2016-02-11,0.174772572327,0.204683215086,0.0411554898386,0.361783947236,0.217604775513
2016-02-12,0.3377103537,0.0897966804408,0.155550498245,0.309481923016,0.107460544598
2016-02-13,0.315630838489,0.233355431541,0.140279058526,0.174093420071,0.136641251373
2016-02-16,0.148444427436,0.262563852798,0.440503272351,0.116136420645,0.0323520267696
2016-02-17,0.277900267769,0.000855970335413,0.19325571157,0.238761669082,0.289226381243
2016-02-18,0.136687296485,0.363054201819,0.0213745804341,0.14610211823,0.332781803032
2016-02-19,0.132382279228,0.25014908413,0.0380765352997,0.325340643285,0.254051458057
2016-02-20,0.0484979842366,0.0310532102238,0.179004198189,0.508482853666,0.232961753685
2016-02-23,0.211428803505,0.435079301339,0.0191117264232,0.143266428738,0.191113739994
2016-02-24,0.0155039212855,0.416651788694,0.112760332131,0.0118269388172,0.443257019072
2016-02-25,0.0463170731159,0.2776143968,0.284058173675,0.0506735168179,0.341336839591
2016-02-26,0.255486401879,0.0292033154926,0.328094357804,0.0356544107387,0.351561514085
2016-02-27,0.337539525138,0.0883467686912,0.12149390238,0.366235889021,0.0863839147704
2016-03-01,0.193573749815,0.116376464995,0.237872331565,0.10196264647,0.350214807155
2016-03-02,0.0852410709161,0.118773426979,0.194305902357,0.247004950488,0.35467464926
2016-03-03,0.423280292675,0.252362227412,0.0358529042518,0.148154339746,0.140350235915
2016-03-04,0.248369092335,0.244806262704,0.19869464467,0.183572264323,0.124557735967
2016-03-05,0.120156601299,0.290595003714,0.0700100533882,0.0869692791713,0.432269062427
2016-03-08,0.23266037218,0.253185421727,0.245375629774,0.102816605681,0.165961970637
2016-03-09,0.0765860667311,0.230092990969,0.167024069763,0.246251037314,0.280045835223
2016-03-10,0.0808948429977,0.181998037296,0.156451459293,0.0428661193261,0.537789541088
2016-03-11,0.141343081899,0.294682292989,0.214132006871,0.253846074894,0.0959965433469
2016-03-12,0.239792527651,0.132681594408,0.408269227283,0.179776675564,0.0394799750939
2016-03-15,0.0244639440902,0.3747115797,0.19395928045,0.0487653540426,0.358099841717
2016-03-16,0.346441833148,0.0989986882018,0.0699616088522,0.21037753208,0.274220337718
2016-03-17,0.496195508742,0.168742698022,0.153789262703,0.0923804799281,0.0888920506051
2016-03-18,0.242467951956,0.248065188156,0.285819980635,0.181059000753,0.0425878785004
2016-03-19,0.171582344205,0.291378997252,0.200618130227,0.299869379441,0.0365511488755
2016-03-22,0.0697422583086,0.259216359014,0.339629712626,0.0150408003382,0.316370869713
2016-03-23,0.183774909326,0.308559192864,0.10577075342,0.169248863693,0.232646280696
2016-03-24,0.181254138593,0.133150218158,0.616537609283,0.0593833552387,0.00967467872752
2016-03-25,0.244722524513,0.173872584494,0.226246381865,0.278247033955,0.0769114751729
2016-03-26,0.180484310361,0.405071282561,0.193680985744,0.146279239709,0.0744841816255
2016-03-29,0.21654044592,0.0144156455697,0.26541843141,0.311190147895,0.192435329206
2016-03-30,0.266124303645,0.176568815441,0.0258400707024,0.261264726434,0.270202083778
2016-03-31,0.198506997252,0.287511898637,0.081460978176,0.33429315483,0.0982269711052
2016-04-01,0.00350278153427,0.285289468285,0.168771604135,0.392796024485,0.14964012156
2016-04-02,0.15953355152,0.149225192827,0.126967403018,0.498751908835,0.0655219438003
2016-04-05,0.120074312466,0.0322020536578,0.258240909266,0.540516451116,0.0489662734946
2016-04-06,0.125060423888,0.101304520248,0.158217762611,0.189813853718,0.425603439534
2016-04-07,0.105039065772,0.189044556123,0.274356172087,0.285061518815,0.146498687204
2016-04-08,0.191833328144,0.0800508213031,0.0602325740769,0.12986124627,0.538022030206
2016-04-09,0.150024208994,0.0972077634988,0.388247653699,0.026296558704,0.338223815104
2016-04-12,0.100482730776,0.181478936479,0.338511219886,0.272053814998,0.10747329786
2016-04-13,0.257301733468,0.122001722956,0.24091597458,0.228905832848,0.150874736149
2016-04-14,0.150500602313,0.359778397457,0.237242787964,0.185585879126,0.0668923331412
2016-04-15,0.341380545504,0.289194691649,0.132163834022,0.0154833916248,0.2217775372
2016-04-16,0.109548439618,0.0420441569928,0.00502264144,0.322569823286,0.520814938663
2016-04-19,0.091204135911,0.265252756465,0.290185521858,0.334930539326,0.0184270464398
2016-04-20,0.178659982982,0.372705204339,0.000330725557406,0.41055058326,0.0377535038609
2016-04-21,0.179365904374,0.223190046003,0.106765769661,0.122740082908,0.367938197054
2016-04-22,0.389726864509,0.0224500191222,0.200367355929,0.21598595717,0.171469803271
2016-04-23,0.00887373174245,0.249656343022,0.226499295089,0.325459403443,0.189511226703
2016-04-26,0.0804169584345,0.176768163503,0.216061970197,0.420513960477,0.106238947388
2016-04-27,0.214301605981,0.229251797021,0.101612720362,0.205485721833,0.249348154802
2016-04-28,0.0735643929666,0.28635551279,0.118289042138,0.28248619879,0.239304853315
2016-04-29,0.1680253807,0.240336661665,0.213596402506,0.143277513667,0.234764041463
2016-04-30,0.424742598248,0.192611782252,0.309506880267,0.0586335537568,0.0145051854764
2016-05-03,0.0290939895665,0.00766180813249,0.239225467046,0.448989261644,0.275029473611
2016-05-04,0.156420074731,0.322481706262,0.192163164376,0.32100369308,0.00793136155127
2016-05-05,0.0758029479357,0.10065702582,0.215566907874,0.31449323618,0.293479882191
2016-05-06,0.255601583435,0.0141672072751,0.698216300061,0.00775173081251,0.0242631784163
2016-05-07,0.175580822823,0.341105401164,0.218862204284,0.186825049842,0.0776265218876
2016-05-10,0.260238983913,0.190432499475,0.227667587813,0.113735054302,0.207925874497
2016-05-11,0.255854484972,0.255917563735,0.021446229372,0.35105322415,0.115728497771
2016-05-12,0.0385734748703,0.136063016578,0.170479170111,0.346851800441,0.308032538
2016-05-13,0.0898129023143,0.233682402198,0.375699919951,0.124802906251,0.176001869285
2016-05-14,0.0120216065513,0.45093207905,0.391540735637,0.0372342463811,0.108271332381
2016-05-17,0.10735563196,0.142784677576,0.152259516855,0.249467283274,0.348132890336
2016-05-18,0.405538905679,0.037989694737,0.134509481779,0.322405831606,0.0995560861991
2016-05-19,0.229335724264,0.229518622301,0.234311958794,0.0686800606705,0.23815363397
2016-05-20,0.137836680001,0.219180318478,0.240548262961,0.159573353504,0.242861385056
2016-05-21,0.244250559752,0.0201587748247,0.200874388596,0.179548571527,0.355167705301
2016-05-24,0.300523260724,0.313480502856,0.211356507062,0.152239318618,0.0224004107408
2016-05-25,0.181101153724,0.382749563844,0.0416620340545,0.115524059059,0.278963189318
2016-05-26,0.248281623202,0.235290454721,0.0771260809073,0.210252709173,0.229049131997
2016-05-27,0.243564322095,0.25603352472,0.175249523013,0.313201916496,0.011950713676
2016-05-28,0.253022101075,0.0167158250875,0.381954453967,0.249439781918,0.0988678379521
2016-05-31,0.311160434818,0.0966505756804,0.2033655537,0.182767838721,0.206055597081
2016-06-01,0.104723439353,0.249922255466,0.121978390079,0.25813080055,0.265245114553
2016-06-02,0.099158189539,0.131637827745,0.305076779279,0.172584248765,0.291542954672
2016-06-03,0.0188410549146,0.247038422206,0.385927972922,0.0762934221553,0.271899127802
2016-06-04,0.448510168077,0.0976172922072,0.38645716916,0.0297338850017,0.0376814855539
2016-06-07,0.292155116041,0.0768198457835,0.118120952921,0.376657187529,0.136246897725
2016-06-08,0.237678863476,0.147727208006,0.244293717753,0.0832978895538,0.287002321212
2016-06-09,0.257019436331,0.0010593252969,0.130986731831,0.177888145303,0.433046361238
2016-06-10,0.0866868387311,0.157901575803,0.250334451001,0.400090994548,0.104986139917
2016-06-11,0.228339503249,0.156541672458,0.260000597642,0.262218709653,0.092899516998
2016-06-14,0.336654626511,0.0224274539689,0.0396910518608,0.356713542492,0.244513325167
2016-06-15,0.0892163539274,0.227885017425,0.0073967070959,0.0535982517231,0.621903669829
2016-06-16,0.0762019015017,0.357413241208,0.293417135643,0.024427995118,0.248539726529
2016-06-17,0.175841147961,0.228167623883,0.16373829469,0.198268449321,0.233984484145
2016-06-18,0.321610238637,0.341894889878,0.00974950580417,0.181223313915,0.145522051765
2016-06-21,0.267097414827,0.183827754181,0.291961506686,0.252802744352,0.00431057995323
2016-06-22,0.357774512474,0.196037835306,0.214667239311,0.0448504468163,0.186669966093
2016-06-23,0.287844212302,0.189375071411,0.0799950690006,0.198095492281,0.244690155006
2016-06-24,0.00889932104737,0.0346557636077,0.158452885065,0.432148136167,0.365843894113
2016-06-25,0.0935411574705,0.339005026087,0.246729197983,0.300554782152,0.0201698363075
2016-06-28,0.488236729582,0.0748900706658,0.0300672233843,0.258483536572,0.148322439796
2016-06-29,0.135420659306,0.316107637902,0.207841278649,0.180533807844,0.160096616299
2016-06-30,0.313531666321,0.269442600451,0.256541731642,0.100784055442,0.0596999461438
2016-07-01,0.180238415151,0.161713839063,0.14866666801,0.247446654602,0.261934423174
2016-07-02,0.24430797804,0.452831788187,0.00415517367884,0.00876268861096,0.289942371484
2016-07-05,0.187048789024,0.395740584762,0.185784376271,0.117724380686,0.113701869257
2016-07-06,0.0581894085052,0.542103584138,0.225470178134,0.020439643047,0.153797186175
2016-07-07,0.332868360665,0.294370552188,0.0405093137285,0.016855624523,0.315396148895
2016-07-08,0.36867581268,0.173992471071,0.106776848355,0.0250812791146,0.325473588779
2016-07-09,0.0944972535002,0.111677659854,0.248230677989,0.240088157893,0.305506250763
2016-07-12,0.347818958949,0.210597213796,0.138850181363,0.233843691753,0.0688899541382
2016-07-13,0.287096392551,0.0575654857425,0.173183989358,0.253278094503,0.228876037845
2016-07-14,0.327455947379,0.191435197219,0.231170119749,0.151794715045,0.0981440206078
2016-07-15,0.246578482931,0.176423924036,0.213489934181,0.223049001837,0.140458657014
2016-07-16,0.0227831948901,0.212539208203,0.324464835611,0.262386116118,0.177826645178
2016-07-19,0.291875376782,0.0649753024632,0.0749856296114,0.340766951384,0.227396739759
2016-07-20,0.0654687360723,0.347188971125,0.225680459844,0.257960911932,0.103700921027
2016-07-21,0.0520383181749,0.0835975489087,0.48931464541,0.230956104128,0.144093383379
2016-07-22,0.235659188023,0.184616505845,0.113431359655,0.289259928059,0.177033018418
2016-07-23,0.255227507305,0.310298733454,0.067502858686,0.313077727451,0.0538931731042
2016-07-26,0.161205523277,0.0299981932277,0.326731843397,0.284684212358,0.19738022774
2016-07-27,0.339797686702,0.310260313732,0.0673496343138,0.175931419176,0.106660946076
2016-07-28,0.164848795091,0.385642222053,0.027666133469,0.310160906926,0.111681942461
2016-07-29,0.214355059046,0.092740709204,0.360588221996,0.310496983274,0.0218190264796
2016-07-30,0.19637221632,0.163672752691,0.336372417245,0.269618766815,0.0339638469288
2016-08-02,0.31400247977,0.136840544003,0.189231658437,0.185732852432,0.174192465359
2016-08-03,0.171186260287,0.0633643588645,0.179498396274,0.362707199731,0.223243784843
2016-08-04,0.22981645988,0.177204392113,0.150771050453,0.178970287701,0.263237809853
2016-08-05,0.127278069923,0.407161022967,0.305067200954,0.0725514208314,0.0879422853253
2016-08-06,0.19813928015,0.0810526731568,0.0681134502418,0.41776008314,0.234934513312
2016-08-09,0.267337040017,0.189286160635,0.241643607185,0.289219101084,0.0125140910787
2016-08-10,0.0422961561482,0.224863512023,0.165114802087,0.121628313824,0.446097215919
2016-08-11,0.202072639451,0.0787362648125,0.249046512292,0.211956392344,0.2581881911
2016-08-12,0.369021592965,0.204524768546,0.0460165528927,0.325701837611,0.0547352479862
2016-08-13,0.308869993842,0.045171821652,0.326224579401,0.255009605357,0.0647239997493
2016-08-16,0.132125581761,0.221715617154,0.241096634273,0.180197377373,0.224864789439
2016-08-17,0.21980595201,0.253050589197,0.320587819643,0.0339323731615,0.172623265989
2016-08-18,0.227322029287,0.271668012729,0.0192385083414,0.330077908205,0.151693541438
2016-08-19,0.0526810892064,0.0534779932943,0.504006012109,0.110574369634,0.279260535756
2016-08-20,0.317831807052,0.156707030555,0.181371917068,0.02325182726,0.320837418064
2016-08-23,0.0929820666839,0.293463548603,0.258164050341,0.269907592383,0.0854827419883
2016-08-24,0.245233548165,0.15241478793,0.256547979101,0.145188064446,0.200615620358
2016-08-25,0.173496730195,0.0318888435722,0.141385773837,0.401987438705,0.251241213691
2016-08-26,0.0919024373154,0.0778237803132,0.305030144046,0.332439318378,0.192804319947
2016-08-27,0.275233217477,0.0160328413589,0.230249637394,0.266065926617,0.212418377153
2016-08-30,0.0779455456425,0.153055685118,0.350865617913,0.0903346276201,0.327798523707
2016-08-31,0.2443328289,0.110293291248,0.177849320024,0.234329031246,0.233195528582
2016-09-01,0.293314319539,0.413876926071,0.12322631896,0.031204452058,0.138377983371
2016-09-02,0.0795771019399,0.290914149918,0.295693360665,0.129969043517,0.20384634396
2016-09-03,0.219550416036,0.258284638013,0.186963038629,0.240231894332,0.0949700129902
2016-09-06,0.0977416078366,0.166208987118,0.208439773246,0.20310217636,0.324507455439
2016-09-07,0.333380846513,0.248372261128,0.0555466071229,0.0744830477389,0.288217237497
2016-09-08,0.00946412624476,0.311143886626,0.0254194044701,0.465019686924,0.188952895735
2016-09-09,0.322565283304,0.126643482779,0.149661799822,0.139911080153,0.261218353942
2016-09-10,0.191110544081,0.199785359532,0.17326411177,0.136248920296,0.299591064321
2016-09-13,0.195360040177,0.118996376865,0.348228962939,0.151768532884,0.185646087136
2016-09-14,0.360358563078,0.199488155159,0.219256112711,0.0633755938278,0.157521575225
2016-09-15,0.126901394731,0.258147056096,0.195398496447,0.175565941024,0.243987111702
2016-09-16,0.0759427646763,0.253292888794,0.0535517646453,0.543946031716,0.0732665501685
2016-09-17,0.0269228524249,0.135264711419,0.306081207393,0.241073122689,0.290658106073
2016-09-20,0.312501647561,0.0926941712849,0.213868501982,0.296516896246,0.0844187829264
2016-09-21,0.314085474452,0.322355474628,0.0388406319022,0.0516127640614,0.273105654956
2016-09-22,0.249858683045,0.0393598114504,0.233545507838,0.326717023,0.150518974667
2016-09-23,0.0478165771286,0.294044702353,0.279949111736,0.235242641841,0.142946966942
2016-09-24,0.256820772966,0.0965765617434,0.253435573796,0.130260776695,0.262906314799
2016-09-27,0.265676103295,0.281459088087,0.031713437905,0.370672607691,0.0504787630228
2016-09-28,0.226789158316,0.24491257422,0.12135853748,0.247664414056,0.159275315928
2016-09-29,0.145082333808,0.0220861183451,0.374617083228,0.178311155393,0.279903309226
2016-09-30,0.0220575931747,0.14340302889,0.226715468257,0.43175520002,0.176068709658
2016-10-01,0.295326711385,0.116998562939,0.190231330712,0.0994192441973,0.298024150766
2016-10-04,0.194790486254,0.126053491926,0.319528674174,0.318475692709,0.0411516549379
2016-10-05,0.404663038623,0.217535222333,0.0231068752873,0.0643553806305,0.290339483126
2016-10-06,0.221518375523,0.311939739259,0.0536620311201,0.198743483383,0.214136370714
2016-10-07,0.203086479784,0.0250114659347,0.169708007128,0.261047417175,0.341146629978
2016-10-08,0.270048801452,0.26319896264,0.0690328139902,0.319157729273,0.0785616926448
2016-10-11,0.175983495176,0.350756637835,0.313745866648,0.0117035252728,0.147810475068
2016-10-12,0.079006244628,0.152030982554,0.523296658817,0.164155004568,0.0815111094323
2016-10-13,0.0606742613083,0.043715954551,0.0395168049227,0.368175443651,0.487917535567
2016-10-14,0.167126889818,0.24540110756,0.193587351735,0.301514825257,0.0923698256298
2016-10-15,0.171739329482,0.04674410638,0.249478816293,0.28991283105,0.242124916794
2016-10-18,0.217219087084,0.102769235044,0.0922311620814,0.292676357554,0.295104158236
2016-10-19,0.234797930497,0.129306264756,0.179135193519,0.294663925706,0.162096685523
2016-10-20,0.208926481379,0.119168504699,0.0782242716134,0.427364897857,0.166315844452
2016-10-21,0.177917257417,0.0848566326658,0.0657152267198,0.268013109407,0.403497773791
2016-10-22,0.501876496946,0.324368609279,0.0750059555477,0.0346222781948,0.0641266600328
2016-10-25,0.00329182373314,0.275091931062,0.399204900539,0.235734672839,0.0866766718275
2016-10-26,0.0194497541329,0.233960513079,0.348233718992,0.272765991315,0.125590022482
2016-10-27,0.157109626918,0.253636963114,0.30368414219,0.105311296888,0.180257970891
2016-10-28,0.188931191131,0.23675654503,0.206510305506,0.250492492787,0.117309465547
2016-10-29,0.341327093982,0.073719323391,0.253714259383,0.119190064666,0.212049258578
2016-11-01,0.228546333903,0.231814253454,0.167460358551,0.0963902391796,0.275788814913
2016-11-02,0.41136904026,0.232134867047,0.0627269250298,0.1672819298,0.126487237863
2016-11-03,0.0154103842939,0.54753773888,0.127688009611,0.0536417105464,0.255722156669
2016-11-04,0.255203210961,0.134444182988,0.263039663837,0.1098511245,0.237461817714
2016-11-05,0.161917464862,0.246554560063,0.318909966974,0.201843234707,0.0707747733935
2016-11-08,0.368137640633,0.225022857863,0.263946814146,0.0443728199322,0.098519867426
2016-11-09,0.0192325384423,0.162288161367,0.201010750948,0.195978471589,0.421490077653
2016-11-10,0.0886820394845,0.239161879046,0.59205816572,0.0193684350342,0.0607294807151
2016-11-11,0.22710811826,0.245490130408,0.318025987623,0.131359041269,0.0780167224398
2016-11-12,0.132888293568,0.256513967102,0.264778319712,0.0510795360517,0.294739883565
2016-11-15,0.102994785315,0.301658612909,0.504127480909,0.0764961032153,0.0147230176525
2016-11-16,0.0566265218018,0.131837061598,0.125585261891,0.244983842389,0.44096731232
2016-11-17,0.211003761856,0.163401495292,0.352111798645,0.0188841085239,0.254598835683
2016-11-18,0.197410099348,0.228198740323,0.277943079467,0.280803230395,0.0156448504668
2016-11-19,0.312485981848,0.0203287712163,0.0503389198542,0.275856328163,0.340989998918
2016-11-22,0.192078445645,0.300697546802,0.0101819067098,0.301079704265,0.195962396577
2016-11-23,0.266472680966,0.267213321202,0.188272722777,0.0185482206239,0.259493054432
2016-11-24,0.102896130855,0.184207224466,0.132431615433,0.0228024575396,0.557662571706
2016-11-25,0.217561673127,0.00841103987198,0.211124443734,0.366557865226,0.196344978041
2016-11-26,0.235012693048,0.0298030119394,0.249853014691,0.269110879053,0.216220401268
2016-11-29,0.0287323138368,0.290677993305,0.337502155635,0.168154189863,0.17493334736
2016-11-30,0.155576513655,0.329100082531,0.346459763978,0.120206643384,0.0486569964525
2016-12-01,0.140633663073,0.364274593485,0.210352882884,0.104839593476,0.179899267083
2016-12-02,0.000889180395464,0.0986913215105,0.0599629090163,0.3968572634,0.443599325677
2016-12-03,0.28414437295,0.188070295012,0.0152710522785,0.15165638297,0.36085789679
2016-12-06,0.148506783678,0.0463677474784,0.149807817736,0.411865245339,0.243452405768
2016-12-07,0.0717775114765,0.093651047455,0.175852562463,0.145750016083,0.512968862522
2016-12-08,0.504041870769,0.195487501688,0.0811003444031,0.0860791668139,0.133291116326
2016-12-09,0.108912592822,0.29331870749,0.234069915754,0.123485843312,0.240212940622
2016-12-10,0.310376278503,0.411665853743,0.152501533776,0.0372451976342,0.0882111363437
2016-12-13,0.21193538535,0.298541202534,0.0408680535489,0.242388340988,0.206267017579
2016-12-14,0.0953413761278,0.257686199819,0.172694548555,0.274160639499,0.200117235999
2016-12-15,0.103009349748,0.267051954328,0.292239393507,0.118312570739,0.219386731678
2016-12-16,0.190726547354,0.0094834751429,0.196532352803,0.244043289779,0.359214334922
2016-12-17,0.000950500402562,0.362407425264,0.490412850334,0.120031206234,0.0261980177648
2016-12-20,0.256320028158,0.242949000605,0.258493419352,0.0970321668158,0.145205385068
2016-12-21,0.142038671653,0.215145865833,0.190217309308,0.224240504427,0.228357648778
2016-12-22,0.252393799099,0.199211788458,0.23164504592,0.226833862315,0.0899155042083
2016-12-23,0.185394673892,0.179309663229,0.276399411565,0.18875303726,0.170143214054
2016-12-24,0.104009517756,0.0826089947174,0.276983729902,0.262503538325,0.2738942193
2016-12-27,0.234455728685,0.177325951471,0.231164493228,0.1134802442,0.243573582416
2016-12-28,0.240431834942,0.175974442063,0.187596475812,0.126207213344,0.269790033839
2016-12-29,0.287483556578,0.0707819327295,0.290843661067,0.0486258010749,0.30226504855
2016-12-30,0.257998472063,0.126967043618,0.164979816111,0.184655726016,0.265398942192
2016-12-31,0.13495812991,0.223204471782,0.198665505258,0.196403382031,0.246768511018
2017-01-03,0.48046510429,0.282119192687,0.144821511731,0.0537411143504,0.0388530769417
2017-01-04,0.303059585086,0.19776169327,0.157924421854,0.117403872678,0.223850427112
2017-01-05,0.0619190840011,0.0469070742924,0.326896967678,0.339187429773,0.225089444255
2017-01-06,0.0713222501088,0.107714051375,0.457229760485,0.252305643649,0.111428294382
2017-01-07,0.156179008162,0.391064491969,0.0416981378541,0.0550923009716,0.355966061043
2017-01-10,0.175627862569,0.229989938048,0.369432503876,0.158976169686,0.0659735258212
2017-01-11,0.432671311552,0.0639995600077,0.0356973224254,0.287260830281,0.180370975733
2017-01-12,0.241660301384,0.17318324222,0.28708618705,0.160472458731,0.137597810614
2017-01-13,0.366308041547,0.18688004644,0.267930226939,0.077816090111,0.101065594963
2017-01-14,0.384233359791,0.229715325105,0.0536416581551,0.0112625767504,0.321147080199
2017-01-17,0.217758515531,0.0933523818459,0.320526206671,0.0364732977699,0.331889598182
2017-01-18,0.00664935119582,0.187198045372,0.346069832338,0.318237195652,0.141845575442
2017-01-19,0.147077175145,0.234879534672,0.0360157550498,0.186610419025,0.395417116108
2017-01-20,0.227645811317,0.220465430857,0.103555769255,0.225216942945,0.223116045625
2017-01-21,0.072043350389,0.198657616988,0.418572313815,0.296537451946,0.0141892668612
2017-01-24,0.127322505004,0.283883857846,0.0712375593633,0.284275554402,0.233280523385
2017-01-25,0.0330258872487,0.0444873385035,0.0639479836022,0.855549934056,0.0029888565898
2017-01-26,0.0464310326628,0.140805153219,0.177728923584,0.228336992623,0.40669789791
2017-01-27,0.313102133002,0.239926001984,0.107958484411,0.281888708594,0.0571246720101
2017-01-28,0.299737466341,0.325101680175,0.156361579357,0.0878434006461,0.130955873481
2017-01-31,0.0558475261687,0.06938453356,0.320117929102,0.311762614622,0.242887396547
2017-02-01,0.218237814466,0.16697810191,0.277957524306,0.111579744104,0.225246815213
2017-02-02,0.27163170204,0.279039688192,0.133991102238,0.0278464910793,0.287491016451
2017-02-03,0.0561144498436,0.324916016744,0.316097522021,0.258538515608,0.0443334957832
2017-02-04,0.116852198681,0.113217618735,0.0212795439783,0.402191475657,0.346459162949
2017-02-07,0.0438810547353,0.438259747404,0.0850336533102,0.165327367175,0.267498177376
2017-02-08,0.0749967977789,0.323475217352,0.180799544504,0.114867971532,0.305860468833
2017-02-09,0.0374972388982,0.141031920375,0.44863629205,0.0369771208147,0.335857427862
2017-02-10,0.162418463277,0.189554806261,0.0198141624392,0.476849468369,0.151363099653
2017-02-11,0.0488578209512,0.311453708262,0.172942165464,0.118871693706,0.347874611617
2017-02-14,0.219340097107,0.286704179821,0.3100649504,0.139616429414,0.0442743432593
2017-02-15,0.188981598601,0.0490502308325,0.464985980937,0.128164751764,0.168817437866
2017-02-16,0.0944089653382,0.170385869317,0.138651591606,0.301193257407,0.295360316332
2017-02-17,0.0403298173189,0.264875225962,0.202461190862,0.113796954584,0.378536811273
2017-02-18,0.298980914777,0.254017840685,0.229977524536,0.0744176446242,0.142606075378
2017-02-21,0.456441528046,0.315623160842,0.0479860761181,0.155752031615,0.024197203378
2017-02-22,0.00716050937651,0.262682647403,0.432197096035,0.186401506398,0.111558240787
2017-02-23,0.123145593351,0.127474713309,0.0954266258617,0.336247567657,0.31770549982
2017-02-24,0.0625421469049,0.14918444758,0.367944042492,0.341852357562,0.0784770054618
2017-02-25,0.150437150434,0.0631674760217,0.00215722208274,0.407279330036,0.376958821426
2017-02-28,0.124432493312,0.259948794639,0.170554077949,0.257338817137,0.187725816964
2017-03-01,0.181159304264,0.288481906059,0.185065767199,0.0515154780965,0.293777544382
2017-03-02,0.488222232404,0.097257015765,0.177086275874,0.0369079995866,0.20052647637
2017-03-03,0.215025965358,0.186394895817,0.165997961608,0.155269710785,0.277311466432
2017-03-04,0.23829795658,0.0798555182576,0.265092826531,0.126184993133,0.290568705499
2017-03-07,0.290277526451,0.201264001739,0.168665845401,0.250593889425,0.0891987369843
2017-03-08,0.351506068942,0.105128245062,0.235196142154,0.244677431361,0.0634921124805
2017-03-09,0.018107100524,0.0410491269231,0.148017725122,0.420285364988,0.372540682443
2017-03-10,0.202548370787,0.200343535792,0.251323017904,0.0582194415293,0.287565633987
2017-03-11,0.284235041892,0.266316763636,0.0671214018329,0.106427103188,0.275899689451
2017-03-14,0.149917958946,0.474849312975,0.0675933198015,0.247108415344,0.0605309929345
2017-03-15,0.242266798603,0.200204472581,0.158816155491,0.095766721493,0.302945851831
2017-03-16,0.0651697208695,0.379272404302,0.19324429308,0.320478465506,0.0418351162425
2017-03-17,0.286808226178,0.129950164321,0.190710393954,0.154024026818,0.238507188729
2017-03-18,0.191685338947,0.297181204216,0.186198994043,0.103504080757,0.221430382038
2017-03-21,0.310107992499,0.0998208452845,0.303647871827,0.00482667521241,0.281596615177
2017-03-22,0.0818819324511,0.369748014968,0.124460535684,0.331932601929,0.0919769149678
2017-03-23,0.233348235084,0.284115574419,0.351812068667,0.0799776810091,0.0507464408208
2017-03-24,0.310818086259,0.204239279022,0.170950600397,0.167756815833,0.146235218489
2017-03-25,0.327382979774,0.219721015331,0.0959436025604,0.192587286999,0.164365115335
2017-03-28,0.111722415979,0.230999353004,0.434997738543,0.131655951251,0.0906245412234
2017-03-29,0.262667885,0.113900850161,0.270040443897,0.0500487741581,0.303342046785
2017-03-30,0.0248078383618,0.305004652349,0.285409942053,0.222471794091,0.162305773146
2017-03-31,0.371429101439,0.20278046132,0.0568917764599,0.220585920245,0.148312740536
2017-04-01,0.1996115138,0.180643854108,0.141884528181,0.26179114848,0.216068955432
2017-04-04,0.306004205798,0.156958414241,0.0395859693389,0.299422405615,0.198029005007
2017-04-05,0.240151356691,0.291883511649,0.284555449721,0.0734520960049,0.109957585934
2017-04-06,0.170752112008,0.212525887837,0.159882840226,0.165258398501,0.291580761428
2017-04-07,0.303894460785,0.0802256708673,0.170445543582,0.323943114276,0.121491210489
2017-04-08,0.177785130889,0.259769843612,0.0951085226992,0.252512223003,0.214824279797
2017-04-11,0.226740657042,0.269290524742,0.0909179389127,0.234829214927,0.178221664377
2017-04-12,0.0496468559847,0.0109688513954,0.596558934967,0.144184943156,0.198640414497
2017-04-13,0.000568326087895,0.0594792918523,0.214263941281,0.432150089533,0.293538351246
2017-04-14,0.195114352769,0.173780653312,0.0481270240483,0.3391630044,0.243814965471
2017-04-15,0.119424131712,0.328147844738,0.229393276677,0.31482645201,0.00820829486186
2017-04-18,0.0602296555972,0.105732210132,0.599600223493,0.103845735041,0.130592175737
2017-04-19,0.156642534897,0.186196592793,0.400969717135,0.235767728118,0.0204234270573
2017-04-20,0.157035471456,0.0738458779367,0.355670224972,0.192233455076,0.22121497056
2017-04-21,0.0179163318686,0.39262446324,0.261089693134,0.110735569257,0.2176339425
2017-04-22,0.411906905353,0.0522985553077,0.35223092269,0.166460131492,0.0171034851571
2017-04-25,0.397754363061,0.388062039188,0.0574312269967,0.0493033762207,0.107448994534
2017-04-26,0.345707869018,0.0970483849947,0.300600700659,0.0771296109098,0.179513434418
2017-04-27,0.0624642855294,0.126658403751,0.357901090173,0.215415832302,0.237560388244
2017-04-28,0.0486396034746,0.0627374083255,0.290319672346,0.272368095056,0.325935220798
2017-04-29,0.117009623151,0.390458355096,0.00826351944109,0.353775808536,0.130492693776
2017-05-02,0.188212679353,0.265204411694,0.255382364371,0.193492386073,0.0977081585088
2017-05-03,0.127727756114,0.107367650371,0.407814993465,0.053947751857,0.303141848193
2017-05-04,0.153390861683,0.09313811143,0.135718914972,0.247941975073,0.369810136842
2017-05-05,0.241702234083,0.178646687965,0.0798869911483,0.275353474593,0.224410612211
2017-05-06,0.588783118775,0.0989713004868,0.0650589613992,0.220716074426,0.0264705449133
2017-05-09,0.295748995891,0.0928547465596,0.00386949751763,0.344546694196,0.262980065837
2017-05-10,0.325618958053,0.223024686565,0.0229947907229,0.207301150138,0.221060414521
2017-05-11,0.118021629017,0.283394647446,0.267996200128,0.252568296266,0.0780192271427
2017-05-12,0.489959575477,0.000639289893389,0.00521671986533,0.338297075344,0.16588733942
2017-05-13,0.213814253318,0.200021809934,0.168986845711,0.17116687875,0.246010212286
2017-05-16,0.00409664645541,0.30770400401,0.155542179129,0.211468472589,0.321188697817
2017-05-17,0.155161844052,0.0730066505582,0.367303827467,0.0106842645544,0.393843413368
2017-05-18,0.232615787699,0.25646073116,0.180655480504,0.0275545145933,0.302713486044
2017-05-19,0.255137802963,0.240560673316,0.182649099645,0.265627403682,0.0560250203929
2017-05-20,0.104165128528,0.265897950363,0.346017105476,0.242345440144,0.0415743754889
2017-05-23,0.236477016045,0.403678766575,0.0286583773468,0.0788409451677,0.252344894866
2017-05-24,0.123509936625,0.535351493147,0.0201010944569,0.0733383503557,0.247699125415
2017-05-25,0.258945289238,0.217475692671,0.136689858682,0.264157868755,0.122731290654
2017-05-26,0.0109741143102,0.221119987077,0.2398815961,0.204087003264,0.323937299249
2017-05-27,0.0476805143814,0.245314478273,0.311414083878,0.0939191203911,0.301671803076
2017-05-30,0.0210171668552,0.29607944502,0.0528932936924,0.289203181003,0.340806913429
2017-05-31,0.21230332379,0.139072631847,0.264425687142,0.322286329193,0.0619120280276
2017-06-01,0.206201771721,0.453622389486,0.19209526993,0.104998482402,0.0430820864611
2017-06-02,0.231145087042,0.273753710996,0.194361818061,0.168046413618,0.132692970283
2017-06-03,0.0391525959804,0.238894686244,0.278449938983,0.0909698365248,0.352532942268
2017-06-06,0.152867876334,0.313583605614,0.196413474003,0.0173525190387,0.31978252501
2017-06-07,0.353916987231,0.0020692315765,0.262084501338,0.0703024030373,0.311626876817
2017-06-08,0.262975640084,0.177449436038,0.19091407157,0.0848241073072,0.283836745002
2017-06-09,0.176260639729,0.164335476554,0.396439027147,0.245158632495,0.017806224075
2017-06-10,0.0809758459446,0.211611061435,0.403713931702,0.257470914341,0.0462282465772
2017-06-13,0.113840366825,0.185489131722,0.163576320654,0.222081835655,0.315012345144
2017-06-14,0.117815225819,0.174248311355,0.240873752542,0.193630481241,0.273432229044
2017-06-15,0.288016892305,0.364075856389,0.0697096443578,0.17876166219,0.0994359447582
2017-06-16,0.159221203996,0.27921903272,0.0991769168834,0.369982580729,0.0924002656705
2017-06-17,0.111306990177,0.317191038774,0.0279386575762,0.267122269958,0.276441043515
2017-06-20,0.408427526061,0.0513678191971,0.00633175833362,0.189802290035,0.344070606373
2017-06-21,0.253942611655,0.150644824811,0.366700459907,0.0169392181447,0.211772885482
2017-06-22,0.242969569282,0.331764063571,0.018852698552,0.0932232535093,0.313190415087
2017-06-23,0.0589627677071,0.0938416822522,0.316641831581,0.148895822687,0.381657895773
2017-06-24,0.233909442764,0.0699673650705,0.177528441834,0.09925138459,0.419343365741
2017-06-27,0.00441803240189,0.0613554320142,0.469444887428,0.260900200691,0.203881447465
2017-06-28,0.121668097898,0.10764881222,0.252971409778,0.209323055329,0.308388624775
2017-06-29,0.156640530338,0.000631687817852,0.343921637573,0.409152451424,0.0896536928475
2017-06-30,0.260075021159,0.259865747674,0.0575803250287,0.245887161554,0.176591744585
2017-07-01,0.232325485975,0.013681054932,0.276449115095,0.28566965488,0.191874689117
2017-07-04,0.190623639339,0.058638173135,0.303597413831,0.374428307112,0.0727124665836
2017-07-05,0.201357665185,0.231807731469,0.29360866765,0.20317555091,0.0700503847848
2017-07-06,0.136855645801,0.328198487837,0.297363911485,0.15184663217,0.0857353227068
2017-07-07,0.298481862474,0.0835517229162,0.262238762081,0.173057518827,0.182670133702
2017-07-08,0.438425156434,0.0242998926985,0.442190015,0.0583210152001,0.0367639206668
2017-07-11,0.0448357162229,0.133167217641,0.20844058748,0.300376277362,0.313180201293
2017-07-12,0.06489085547,0.270811106825,0.215537042708,0.27130497617,0.177456018827
2017-07-13,0.307131041595,0.350597070794,0.00755500975617,0.28500433777,0.0497125400854
2017-07-14,0.344151888502,0.140612251744,0.24833097798,0.145870086269,0.121034795505
2017-07-15,0.260308304719,0.283112810466,0.305185186762,0.0219213380889,0.129472359964
2017-07-18,0.239625696495,0.0501958917421,0.338065699555,0.157339434479,0.214773277729
2017-07-19,0.0622231784303,0.260275852217,0.208528336312,0.148076632124,0.320896000916
2017-07-20,0.222681985251,0.325782509398,0.0906887420014,0.204378279672,0.156468483677
2017-07-21,0.0521102643751,0.262736248641,0.297294397434,0.102488113382,0.285370976167
2017-07-22,0.256023927714,0.182261675391,0.232757800732,0.188921615536,0.140034980627
2017-07-25,0.230047790662,0.241487562099,0.202337433014,0.245854266697,0.0802729475279
2017-07-26,0.134085802631,0.503274969458,0.193293492873,0.132342544059,0.0370031909789
2017-07-27,0.0647994690083,0.392561046777,0.0536395431251,0.275111891773,0.213888049316
2017-07-28,0.33923856796,0.0671252925039,0.297931150688,0.231985765383,0.0637192234649
2017-07-29,0.244526756016,0.242131787451,0.179641849351,0.0687059799292,0.264993627254
2017-08-01,0.0574847180996,0.183240201097,0.0298150739827,0.305056367227,0.424403639595
2017-08-02,0.203079505999,0.33139264665,0.234009370637,0.0569755154178,0.174542961296
2017-08-03,0.359403521246,0.0675368228488,0.177324729668,0.134346362228,0.261388564009
2017-08-04,0.292659326924,0.233431860168,0.270503924653,0.146923457211,0.0564814310439
2017-08-05,0.0135839082229,0.0132414424653,0.311652999111,0.581114962602,0.0804066875989
2017-08-08,0.310064957239,0.227828427224,0.0576547584819,0.262243413933,0.142208443121
2017-08-09,0.128895077069,0.0720396734084,0.115960037001,0.289042499946,0.394062712576
2017-08-10,0.220385337609,0.276011339839,0.172854155239,0.11385810895,0.216891058364
2017-08-11,0.144557137182,0.203359890342,0.222295790238,0.184027458588,0.24575972365
2017-08-12,0.0654189183211,0.333159556164,0.201138906265,0.042190597238,0.358092022013
2017-08-15,0.258360101487,0.0884290437157,0.278161847733,0.282283038882,0.0927659681828
2017-08-16,0.24967667402,0.166508924205,0.20395131981,0.134268132037,0.245594949928
2017-08-17,0.253772607384,0.321474257484,0.280089209157,0.094938644412,0.0497252815626
2017-08-18,0.139303270156,0.0380323139648,0.451842348251,0.292020674805,0.0788013928231
2017-08-19,0.017805462905,0.312163367213,0.260475018326,0.406432111217,0.00312404033965
2017-08-22,0.23307019555,0.235717890965,0.182848575639,0.250024311005,0.0983390268406
2017-08-23,0.290119476939,0.121500889737,0.289885551487,0.19417897234,0.104315109496
2017-08-24,0.016480863158,0.08101373411,0.792982458209,0.0344982974701,0.0750246470524
2017-08-25,0.0553074311646,0.384403087219,0.151092257312,0.197879789468,0.211317434836
2017-08-26,0.241238219229,0.20931147662,0.170738817137,0.122508228132,0.256203258882
2017-08-29,0.269340196292,0.214294816661,0.172997499464,0.233312776063,0.11005471152
2017-08-30,0.297104588442,0.190124520779,0.0987900540291,0.175153825069,0.238827011681
2017-08-31,0.0547866930126,0.132954178083,0.381663037057,0.0176831578824,0.412912933965
2017-09-01,0.0671977470378,0.374336107634,0.171921285386,0.216182026723,0.17036283322
2017-09-02,0.364310351301,0.0045386523355,0.18881096069,0.154209561949,0.288130473725
2017-09-05,0.22129671789,0.323288078246,0.0599120544362,0.358132892045,0.0373702573817
2017-09-06,0.249131694325,0.147020152968,0.228074285612,0.198736426802,0.177037440293
2017-09-07,0.062521245466,0.178375843141,0.353179176297,0.313816300509,0.092107434586
2017-09-08,0.101572173585,0.212125363193,0.343690349225,0.303405143944,0.0392069700526
2017-09-09,0.156334913084,0.133088927939,0.0870328507538,0.295772924207,0.327770384016
2017-09-12,0.25814530122,0.28777587987,0.196179781504,0.0471570490626,0.210741988343
2017-09-13,0.12104765395,0.206163338554,0.225310268844,0.27755057021,0.169928168441
2017-09-14,0.320719452532,0.179340313482,0.121830234465,0.114101360349,0.264008639173
2017-09-15,0.181204309322,0.237424758414,0.205933008941,0.160143165171,0.215294758152
2017-09-16,0.110578011869,0.197941587772,0.282975137867,0.0814669269549,0.327038335537
2017-09-19,0.0944681159233,0.0338304459425,0.0260278630449,0.421425291022,0.424248284067
2017-09-20,0.164804710018,0.231811030307,0.141524545783,0.218245001762,0.24361471213
2017-09-21,0.383438174248,0.0598256423483,0.122327742817,0.0877730043682,0.346635436218
2017-09-22,0.088436218934,0.186196691156,0.0140298087791,0.561755216308,0.149582064823
2017-09-23,0.189433178584,0.193320655892,0.0120604662515,0.315588868786,0.289596830486
2017-09-26,0.351578713813,0.217932541822,0.00386625028929,0.209719199162,0.216903294913
2017-09-27,0.221380759633,0.135761382963,0.157812380598,0.215685485164,0.269359991641
2017-09-28,0.153696676658,0.259639858683,0.163241941521,0.216297704156,0.207123818982
2017-09-29,0.0178215364202,0.086401480292,0.047146803105,0.311621075073,0.53700910511
2017-09-30,0.212240369446,0.358786405758,0.358942542956,0.00222833137647,0.0678023504635
2017-10-03,0.282364741586,0.336993686568,0.0234060947172,0.225713777063,0.131521700066
2017-10-04,0.222281693358,0.224330724131,0.145311540604,0.214679097848,0.19339694406
2017-10-05,0.35045506415,0.0791484439881,0.252312760844,0.01796109008,0.300122640938
2017-10-06,0.0194224750979,0.380908820654,0.0958321353378,0.37932401405,0.124512554861
2017-10-07,0.0040877310699,0.320576413465,0.26745415853,0.201480027483,0.206401669451
2017-10-10,0.0829199436348,0.371738426505,0.142944614956,0.324323086236,0.0780739286682
2017-10-11,0.275945611853,0.266869650572,0.202423571924,0.0930529532293,0.161708212422
2017-10-12,0.270890197545,0.337273288169,0.0346247666696,0.144229957933,0.212981789683
2017-10-13,0.116122722996,0.171574424066,0.171482822567,0.29862133753,0.242198692841
2017-10-14,0.273066538703,0.20051053225,0.109009710537,0.247233391994,0.170179826516
2017-10-17,0.258330419654,0.195637404629,0.269307406957,0.0196622598419,0.257062508917
2017-10-18,0.0755404487115,0.282000050621,0.239364444367,0.132893987297,0.270201069003
2017-10-19,0.0318879261513,0.138329021195,0.183040023378,0.314463150255,0.33227987902
2017-10-20,0.146273296783,0.165234238748,0.28921552033,0.255489898683,0.143787045457
2017-10-21,0.315636393292,0.286225722,0.136479543121,0.12804428802,0.133614053567
2017-10-24,0.00256504727272,0.296782477296,0.318723722241,0.230383522616,0.151545230574
2017-10-25,0.196014655691,0.122726833311,0.260433043052,0.268510397929,0.152315070018
2017-10-26,0.00151737773882,0.154812169156,0.419720209547,0.0336018843175,0.39034835924
2017-10-27,0.29143361346,0.28899602644,0.0919413223549,0.188764334881,0.138864702864
2017-10-28,0.104287817901,0.0582775142506,0.227330853849,0.350016611101,0.260087202898
2017-10-31,0.243292812922,0.112375279292,0.265323073718,0.225796757568,0.1532120765
2017-11-01,0.281078724835,0.251569731131,0.277437549369,0.0898407503327,0.100073244332
2017-11-02,0.131930734237,0.12367307313,0.156891846233,0.365811334672,0.221693011728
2017-11-03,0.117438174285,0.177410488922,0.214774323524,0.279767076997,0.210609936272
2017-11-04,0.0873393205832,0.274214889877,0.120891015725,0.284732503186,0.232822270629
2017-11-07,0.209754734375,0.161161688142,0.193291437267,0.35690796109,0.0788841791257
2017-11-08,0.175922086595,0.632946750201,0.00060501499727,0.0149958399783,0.175530308228
2017-11-09,0.221081724231,0.272488672573,0.124132120928,0.0552679260753,0.327029556192
2017-11-10,0.238440105467,0.0626217457171,0.275697513473,0.201335831749,0.221904803594
2017-11-11,0.267986923442,0.142973233685,0.0981495112878,0.189979157302,0.300911174283
2017-11-14,0.0735971350555,0.375517291672,0.393017930045,0.14764354888,0.0102240943474
2017-11-15,0.0473264667047,0.242066515827,0.277399138577,0.179611329149,0.253596549742
2017-11-16,0.315317708582,0.222091428926,0.0436988963119,0.267124145142,0.151767821038
2017-11-17,0.139357533329,0.113473153655,0.184640140875,0.242487869543,0.320041302598
2017-11-18,0.240964994583,0.0801967506089,0.0518959558895,0.2710085731,0.355933725819
2017-11-21,0.199302938475,0.270750532582,0.203207987796,0.0935589504583,0.233179590688
2017-11-22,0.173727564187,0.165944503592,0.144736560117,0.258828121064,0.256763251039
2017-11-23,0.00967061147995,0.135975953444,0.184587082764,0.345754096512,0.324012255799
2017-11-24,0.0150547978031,0.399125000352,0.259037036769,0.047608975608,0.279174189468
2017-11-25,0.277153574687,0.155442232875,0.164850204263,0.24677269343,0.155781294745
2017-11-28,0.0241892028825,0.0943054308446,0.713035134766,0.147138843103,0.0213313884033
2017-11-29,0.275181808574,0.292658350457,0.172942985001,0.130655553156,0.128561302812
2017-11-30,0.248333082141,0.226689026658,0.311433312414,0.107931917686,0.105612661101
2017-12-01,0.334775153038,0.0454901225566,0.247806112129,0.15681237473,0.215116237546
2017-12-02,0.344188475135,0.0636647185541,0.29463960915,0.0867667616514,0.21074043551
2017-12-05,0.00346217988366,0.288216351388,0.0264030349346,0.386804987454,0.29511344634
2017-12-06,0.298493919707,0.273116669353,0.125979300573,0.240496929025,0.0619131813422
2017-12-07,0.289483589617,0.110456206051,0.116181929784,0.234108110578,0.249770163969
2017-12-08,0.17149556904,0.0695578974453,0.0755299365803,0.389589003315,0.29382759362
2017-12-09,0.126518021954,0.338666381224,0.17967337698,0.133067037306,0.222075182537
2017-12-12,0.162858574497,0.168838481758,0.208739485952,0.230563105321,0.229000352472
2017-12-13,0.218984789828,0.176278440366,0.370973898528,0.0204152081659,0.213347663111
2017-12-14,0.317112037799,0.0807191011043,0.184640990787,0.113594371211,0.303933499098
2017-12-15,0.251701552382,0.104950826535,0.0831151329076,0.234092874834,0.32613961334
2017-12-16,0.0320637502781,0.271268715648,0.273551272842,0.251690478929,0.171425782302
2017-12-19,0.0182213254313,0.0360384701917,0.47848397783,0.332994339668,0.134261886879
2017-12-20,0.0964377614115,0.214594861922,0.324452194743,0.275359679957,0.0891555019668
2017-12-21,0.138875066428,0.153981843648,0.161109656689,0.263600789321,0.282432643914
2017-12-22,0.237711042056,0.314628345768,0.190163956888,0.240172527474,0.0173241278143
2017-12-23,0.288386693804,0.0337574630177,0.24654171136,0.225463563466,0.205850568353
2017-12-26,0.301529881787,0.247180049289,0.138531985887,0.168610345037,0.144147738001
2017-12-27,0.0983263357912,0.0937668852366,0.167720671934,0.391728427672,0.248457679366
2017-12-28,0.0932322491493,0.34933578495,0.0207745447781,0.263578245788,0.273079175335
2017-12-29,0.144531986047,0.124638419599,0.199126550046,0.21212823093,0.319574813379
2017-12-30,0.326497882807,0.179708641247,0.0335531459301,0.185454751435,0.27478557858
2018-01-02,0.1582389332,0.392497602828,0.221933259439,0.0888007179278,0.138529486605
2018-01-03,0.0974000398298,0.219662893296,0.346448627172,0.0698243530658,0.266664086637
2018-01-04,0.0879651157978,0.221937328356,0.318889193787,0.308204967136,0.0630033949233
2018-01-05,0.426743152103,0.166018522722,0.0650528931554,0.302721074691,0.0394643573293
2018-01-06,0.311715360162,0.0718342506202,0.0327534685797,0.270191209757,0.31350571088
2018-01-09,0.275505256136,0.252345884887,0.1222382504,0.0438886652159,0.306021943362
2018-01-10,0.0712476883712,0.185981137191,0.28883756196,0.179963817782,0.273969794695
2018-01-11,0.188396127151,0.241878237911,0.131999529935,0.409570692174,0.0281554128297
2018-01-12,0.287361507,0.102149343508,0.140136419089,0.297613685037,0.172739045366
2018-01-13,0.0744212632167,0.115195348288,0.238046714981,0.310733910034,0.26160276348
2018-01-16,0.308162223355,0.0590800653542,0.266831456512,0.167006559861,0.198919694917
2018-01-17,0.109631226926,0.189499112041,0.206492350432,0.174314039302,0.320063271298
2018-01-18,0.441035217833,0.289916158789,0.0147591830878,0.218913117778,0.0353763225119
2018-01-19,0.0957478799047,0.179753168099,0.285493035833,0.154391545404,0.28461437076
2018-01-20,0.0719385516395,0.247519511388,0.336977175952,0.248519216606,0.095045544414
2018-01-23,0.114775669965,0.0647871622732,0.622150987995,2.8957406732e-07,0.198285890193
2018-01-24,0.205900331751,0.128274285442,0.24417715035,0.238617548601,0.183030683856
2018-01-25,0.153168761314,0.291585594554,0.276847152817,0.257038383314,0.0213601080018
2018-01-26,0.162652673098,0.193820296232,0.395536187807,0.0866051873817,0.161385655481
2018-01-27,0.310614123884,0.21262171552,0.261849760392,0.176467488025,0.0384469121792
2018-01-30,0.20235447991,0.00401766375574,0.220567338798,0.245166341331,0.327894176205
2018-01-31,0.108140335484,0.178886523105,0.248398765623,0.0988202637469,0.365754112042
2018-02-01,0.178912285411,0.278403866658,0.18397661845,0.286628841401,0.0720783880794
2018-02-02,0.0561769384658,0.430621473288,0.0899291079785,0.202012373354,0.221260106914
2018-02-03,0.271979277331,0.298619459473,0.0985618457803,0.25828076785,0.0725586495656
2018-02-06,0.0343494658817,0.516524497667,0.0485199104269,0.196134033914,0.20447209211
2018-02-07,0.370028290276,0.130862554878,0.29649342162,0.128836138965,0.0737795942614
2018-02-08,0.0906837037118,0.149530816965,0.368293521674,0.141567662319,0.249924295329
2018-02-09,0.36652487685,0.208948445798,0.166589680011,0.150093052288,0.107843945053
2018-02-10,0.25216670252,0.141458534845,0.351403386761,0.13367305421,0.121298321663
2018-02-13,0.225183047211,0.153813564578,0.315836232814,0.182160368863,0.123006786534
2018-02-14,0.243821394493,0.201918221466,0.263284923783,0.187672996548,0.103302463709
2018-02-15,0.225375257717,0.0766171003669,0.140988671099,0.40843306993,0.148585900887
2018-02-16,0.226094342463,0.200147603851,0.200701492542,0.165676296602,0.207380264541
2018-02-17,0.272155178115,0.0833459056496,0.287175017565,0.175031666917,0.182292231754
2018-02-20,0.112099852442,0.42232735867,0.0589725249301,0.000899590714507,0.405700673243
2018-02-21,0.275521363297,0.189240568495,0.0767885081484,0.2239625055,0.234487054559
2018-02-22,0.255660054986,0.268332797286,0.281067762993,0.00203995907531,0.192899425659
2018-02-23,0.208550034806,0.139299753782,0.21033399289,0.221367289592,0.220448928929
2018-02-24,0.193881426185,0.268765767768,0.403593784874,0.0772363423555,0.0565226788171
2018-02-27,0.242188036266,0.144557816413,0.113255285073,0.233082931883,0.266915930366
2018-02-28,0.123820602772,0.167899102496,0.120843543634,0.0887801981998,0.498656552899
2018-03-01,0.0350426535777,0.289623574388,0.220871375089,0.136366479609,0.318095917337
2018-03-02,0.397155347806,0.362025223005,0.0505537488445,0.0202470951651,0.170018585179
2018-03-03,0.31990211684,0.277405341251,0.0517189684612,0.00816375169772,0.342809821751
2018-03-06,0.0576992986285,0.352290413355,0.291161983563,0.197700462337,0.101147842116
